district,decade,cyclone_count,avg_max_wind_kph,strongest_category,avg_damage_usd_million,avg_fatalities,population_affected_percent,exposure_index,coastal_flag,Latitude,Longitude,predicted_dist_coast,norm_cyclone_count,norm_wind,norm_damage,norm_fatalities,norm_pop_pct,norm_exposure,norm_coastal_fl,proximity_score,CVI_0_1,CVI,CVI_Class,Place
Bagerhat,1970s,4,185,Category 3,36.8,2,31.24,0.9,1,22.65,89.7667,18.216448569713435,0.36363636363636365,0.7333333333333334,0.14989010989010987,0.05,0.3124,0.9,1,0.9343339604944657,0.5042023670784176,50.42,High,Bagerhat
Bandarban,1970s,6,130,Category 1,31.9,3,9.32,0.5,0,22.194,92.218,23.505749307476048,0.5454545454545454,0.3666666666666667,0.12835164835164833,0.07500000000000001,0.0932,0.5,0,0.9152672675617919,0.34316765582710823,34.32,Medium,Bandarban
Barguna,1970s,8,186,Category 3,39.2,3,42.71,0.9,1,22.15,90.13,0.9261178150548535,0.7272727272727273,0.74,0.16043956043956045,0.07500000000000001,0.42710000000000004,0.9,1,0.9966615617310126,0.5827829993299445,58.28,High,Barguna
Barishal,1970s,2,196,Category 3,34.9,1,69.68,0.9,1,22.7,90.37,0.899381680381425,0.18181818181818182,0.8066666666666666,0.14153846153846153,0.025,0.6968000000000001,0.9,1,0.9967579392476824,0.5276092904282648,52.76,High,Barishal
Bhola,1970s,11,211,Category 4,37.5,40,83.42,0.9,1,22.69,90.65,0.0,1.0,0.9066666666666667,0.15296703296703296,1.0,0.8342,0.9,1,1.0,0.8273650549450551,82.74,Very High,Bhola
Bogura,1970s,1,107,Tropical Storm,13.5,0,9.81,0.25,0,24.85,89.37,169.40081656809386,0.09090909090909091,0.21333333333333337,0.04747252747252747,0.0,0.0981,0.25,0,0.38934964900212676,0.13900220765745544,13.9,Low,Bogura
Brahmanbaria,1970s,5,140,Category 1,21.6,2,31.8,0.55,0,23.96,91.11,53.92480009450332,0.4545454545454546,0.43333333333333335,0.08307692307692308,0.05,0.318,0.55,0,0.8056136990817746,0.34800472655153414,34.8,Medium,Brahmanbaria
Chandpur,1970s,8,196,Category 3,26.3,0,46.87,0.9,1,23.23,90.65,0.6753323067304762,0.7272727272727273,0.8066666666666666,0.10373626373626374,0.0,0.46869999999999995,0.9,1,0.9975655848743834,0.5772779071387869,57.73,High,Chandpur
Chapainawabganj,1970s,0,116,Tropical Storm,13.0,1,31.98,0.25,0,24.6,88.27,224.03568032443172,0.0,0.27333333333333343,0.04527472527472527,0.025,0.31980000000000003,0.25,0,0.19240373454062298,0.1402615822452711,14.03,Low,Chapainawabganj
Chattogram,1970s,4,192,Category 3,66.5,1,37.93,0.9,1,22.35,91.83,0.5135106554453361,0.36363636363636365,0.78,0.2804395604395605,0.025,0.37929999999999997,0.9,1,0.9981489141059554,0.5401062800219841,54.01,High,Chattogram
Chuadanga,1970s,2,109,Tropical Storm,16.6,3,26.46,0.25,0,23.63,88.83,133.27223260718276,0.18181818181818182,0.22666666666666668,0.0610989010989011,0.07500000000000001,0.2646,0.25,0,0.5195847501293889,0.19760603745050132,19.76,Low,Chuadanga
Cox's Bazar,1970s,6,175,Category 2,73.4,1,43.67,0.9,1,21.4272,92.0058,0.8136577211409901,0.5454545454545454,0.6666666666666667,0.3107692307692308,0.025,0.43670000000000003,0.9,1,0.9970669540851526,0.5605602618420817,56.06,High,Cox's Bazar
Cumilla,1970s,2,124,Category 1,8.0,1,38.84,0.55,0,23.46,91.18,35.211924425253166,0.18181818181818182,0.32666666666666677,0.023296703296703296,0.025,0.3884,0.55,0,0.8730692422551091,0.2921641569927437,29.22,Medium,Cumilla
Dhaka,1970s,0,116,Tropical Storm,21.3,0,9.78,0.25,0,23.8103,90.4125,22.812268436942265,0.0,0.27333333333333343,0.08175824175824176,0.0,0.0978,0.25,0,0.9177671040181973,0.192320446665556,19.23,Low,Dhaka
Dinajpur,1970s,4,117,Tropical Storm,8.0,1,7.06,0.25,0,25.625,88.65,277.4104956973714,0.36363636363636365,0.28,0.023296703296703296,0.025,0.0706,0.25,0,0.0,0.14834996003996004,14.83,Low,Dinajpur
Faridpur,1970s,2,110,Tropical Storm,10.0,1,3.84,0.25,0,23.607,89.8429,33.59870525010296,0.18181818181818182,0.2333333333333334,0.032087912087912084,0.025,0.0384,0.25,0,0.8788845203364044,0.20006436611955453,20.01,Low,Faridpur
Feni,1970s,5,175,Category 2,18.5,10,39.02,0.9,1,23.02,91.4,4.339493225332895,0.4545454545454546,0.6666666666666667,0.06945054945054946,0.25,0.39020000000000005,0.9,1,0.9843571411585419,0.5385551147152549,53.86,High,Feni
Gaibandha,1970s,9,111,Tropical Storm,6.6,2,47.73,0.25,0,25.33,89.55,205.18064883903156,0.8181818181818182,0.2400000000000001,0.01714285714285714,0.05,0.47729999999999995,0.25,0,0.26037171620620936,0.2800658729193222,28.01,Medium,Gaibandha
Gazipur,1970s,5,156,Category 2,22.2,2,24.03,0.6,1,24.0,90.4167,31.69305148840342,0.4545454545454546,0.54,0.08571428571428572,0.05,0.2403,0.6,1,0.8857539567537577,0.42214435671433675,42.21,Medium,Gazipur
Gopalganj,1970s,5,172,Category 2,25.4,1,56.28,0.6,1,23.02,89.83,42.35917897743101,0.4545454545454546,0.6466666666666667,0.09978021978021978,0.025,0.5628,0.6,1,0.8473050600665057,0.46490935715550175,46.49,Medium,Gopalganj
Habiganj,1970s,1,121,Category 1,12.5,1,54.16,0.25,0,24.38,91.42,102.01272186613583,0.09090909090909091,0.30666666666666675,0.043076923076923075,0.025,0.5416,0.25,0,0.6322679803095047,0.2247347001288526,22.47,Low,Habiganj
Jamalpur,1970s,1,101,Tropical Storm,5.8,4,25.55,0.25,0,24.923,89.9501,144.24911964095668,0.09090909090909091,0.17333333333333334,0.013626373626373624,0.1,0.2555,0.25,0,0.48001563791472834,0.16773188347179252,16.77,Low,Jamalpur
Jashore,1970s,5,148,Category 1,19.5,3,21.41,0.6,1,23.17,89.2,85.72746216922243,0.4545454545454546,0.4866666666666667,0.07384615384615384,0.07500000000000001,0.2141,0.6,1,0.6909725352902906,0.39401599478777033,39.4,Medium,Jashore
Jhalokathi,1970s,8,191,Category 3,72.1,3,53.33,0.9,1,22.64,90.19,9.64399316809603,0.7272727272727273,0.7733333333333334,0.30505494505494507,0.07500000000000001,0.5333,0.9,1,0.9652356586442328,0.6169527167135742,61.7,High,Jhalokathi
Jhenaidah,1970s,1,120,Category 1,11.9,2,27.41,0.25,0,23.55,89.15,99.8654075414815,0.09090909090909091,0.30000000000000004,0.04043956043956044,0.05,0.2741,0.25,0,0.6400085465748736,0.20111315235978508,20.11,Low,Jhenaidah
Joypurhat,1970s,4,111,Tropical Storm,10.0,1,47.47,0.25,0,25.1,89.02,210.057332512968,0.36363636363636365,0.2400000000000001,0.032087912087912084,0.025,0.4747,0.25,0,0.24279241135086438,0.20835788249372783,20.84,Low,Joypurhat
Khagrachhari,1970s,6,121,Category 1,13.5,5,14.76,0.5,0,23.1,91.98,44.09217167729194,0.5454545454545454,0.30666666666666675,0.04747252747252747,0.125,0.1476,0.5,0,0.8410580264223588,0.3275548635812968,32.76,Medium,Khagrachhari
Khulna,1970s,9,205,Category 3,61.3,0,43.25,0.9,1,22.8167,89.55,51.72991900542131,0.8181818181818182,0.8666666666666667,0.25758241758241757,0.0,0.4325,0.9,1,0.8135257324154967,0.600967208606185,60.1,High,Khulna
Kishoreganj,1970s,4,107,Tropical Storm,8.1,0,33.69,0.25,0,24.44,90.77,83.86147523844551,0.36363636363636365,0.21333333333333337,0.02373626373626373,0.0,0.3369,0.25,0,0.6976989820531865,0.23106579231121274,23.11,Low,Kishoreganj
Kurigram,1970s,4,111,Tropical Storm,12.6,2,22.32,0.25,0,25.81,89.65,252.48924287170357,0.36363636363636365,0.2400000000000001,0.04351648351648352,0.05,0.2232,0.25,0,0.08983529178670502,0.17337645625159762,17.34,Low,Kurigram
Kushtia,1970s,2,94,Tropical Storm,9.3,1,44.48,0.25,0,23.9,89.12,114.10660835052775,0.18181818181818182,0.1266666666666667,0.029010989010989016,0.025,0.4448,0.25,0,0.5886723461429257,0.19522161023866821,19.52,Low,Kushtia
Lakshmipur,1970s,4,188,Category 3,96.4,4,39.35,0.9,1,22.95,90.83,4.291181844699926,0.36363636363636365,0.7533333333333334,0.4118681318681319,0.1,0.3935,0.9,1,0.984531292394282,0.5671288035651025,56.71,High,Lakshmipur
Lalmonirhat,1970s,0,89,Tropical Storm,11.6,2,23.46,0.25,0,25.92,89.45,265.3815664489971,0.0,0.09333333333333338,0.039120879120879117,0.05,0.2346,0.25,0,0.043361478512683016,0.09266427971940018,9.27,Low,Lalmonirhat
Madaripur,1970s,6,146,Category 1,5.8,8,25.41,0.6,1,23.17,90.19,15.313143071993538,0.5454545454545454,0.4733333333333334,0.013626373626373624,0.2,0.2541,0.6,1,0.9447996982468222,0.44475210768682,44.48,Medium,Madaripur
Magura,1970s,2,114,Tropical Storm,4.1,0,24.58,0.25,0,23.49,89.42,71.50195544167823,0.18181818181818182,0.26,0.006153846153846152,0.0,0.2458,0.25,0,0.7422521622264786,0.20350102041845208,20.35,Low,Magura
Manikganj,1970s,4,105,Tropical Storm,13.7,1,9.49,0.25,0,23.86,90.0,38.02478568555899,0.36363636363636365,0.20000000000000007,0.048351648351648346,0.025,0.0949,0.25,0,0.862929534839805,0.2288311552821823,22.88,Low,Manikganj
Meherpur,1970s,2,115,Tropical Storm,13.5,1,14.9,0.25,0,23.77,88.63,148.09670694639158,0.18181818181818182,0.2666666666666667,0.04747252747252747,0.025,0.149,0.25,0,0.4661459849451728,0.17715820488812367,17.72,Low,Meherpur
Moulvibazar,1970s,4,116,Tropical Storm,7.4,2,29.88,0.25,0,24.48,91.77,137.64502113539567,0.36363636363636365,0.27333333333333343,0.020659340659340657,0.05,0.2988,0.25,0,0.5038218695028995,0.22390654259464562,22.39,Low,Moulvibazar
Munshiganj,1970s,8,167,Category 2,28.5,0,53.47,0.6,1,23.54,90.53,0.0,0.7272727272727273,0.6133333333333335,0.1134065934065934,0.0,0.5347,0.6,1,1.0,0.5115718981018982,51.16,High,Munshiganj
Mymensingh,1970s,2,124,Category 1,10.8,3,2.55,0.25,0,24.7434,90.3984,114.21111300471469,0.18181818181818182,0.32666666666666677,0.03560439560439561,0.07500000000000001,0.0255,0.25,0,0.5882956312896387,0.19174294974235048,19.17,Low,Mymensingh
Naogaon,1970s,4,112,Tropical Storm,6.9,0,35.62,0.25,0,24.81,88.94,189.27093647553838,0.36363636363636365,0.2466666666666667,0.018461538461538463,0.0,0.35619999999999996,0.25,0,0.31772251082376113,0.19920693639706144,19.92,Low,Naogaon
Narail,1970s,1,122,Category 1,6.9,1,27.11,0.25,0,23.18,89.5,70.05451022845219,0.09090909090909091,0.31333333333333335,0.018461538461538463,0.025,0.2711,0.25,0,0.7474698639200911,0.2065125807976035,20.65,Low,Narail
Narayanganj,1970s,1,150,Category 1,11.2,1,25.78,0.6,1,23.6226,90.501,3.3828178991013105,0.09090909090909091,0.5,0.03736263736263736,0.025,0.25780000000000003,0.6,1,0.9878057321133529,0.3625513324520946,36.26,Medium,Narayanganj
Narsingdi,1970s,5,113,Tropical Storm,9.5,2,25.15,0.25,0,23.9207,90.7188,26.18641527044252,0.4545454545454546,0.2533333333333334,0.029890109890109887,0.05,0.2515,0.25,0,0.9056040932964216,0.2713757439949769,27.14,Medium,Narsingdi
Natore,1970s,1,106,Tropical Storm,13.1,3,4.57,0.25,0,24.42,89.0,155.1596382078644,0.09090909090909091,0.20666666666666667,0.045714285714285714,0.07500000000000001,0.045700000000000005,0.25,0,0.4406857685113368,0.14888208334464018,14.89,Low,Natore
Netrokona,1970s,2,108,Tropical Storm,19.0,0,19.24,0.25,0,24.88,90.73,128.35689341795188,0.18181818181818182,0.22000000000000008,0.07164835164835165,0.0,0.1924,0.25,0,0.5373033990827185,0.1814903199282519,18.15,Low,Netrokona
Nilphamari,1970s,2,116,Tropical Storm,8.2,1,31.52,0.25,0,25.95,88.85,294.2392506393151,0.18181818181818182,0.27333333333333343,0.024175824175824173,0.025,0.3152,0.25,0,0.0,0.14466910089910093,14.47,Low,Nilphamari
Noakhali,1970s,8,188,Category 3,21.2,5,23.1,0.9,1,22.82,91.1,3.4856477682025,0.7272727272727273,0.7533333333333334,0.08131868131868131,0.125,0.231,0.9,1,0.9874350544688655,0.5598822167355979,55.99,High,Noakhali
Pabna,1970s,2,113,Tropical Storm,36.1,1,15.82,0.25,0,24.0064,89.2493,104.88417821369146,0.18181818181818182,0.2533333333333334,0.1468131868131868,0.025,0.1582,0.25,0,0.6219170512996373,0.20655641042466905,20.66,Low,Pabna
Panchagarh,1970s,2,138,Category 1,18.4,1,56.65,0.25,0,26.33,88.56,344.84409227917126,0.18181818181818182,0.42000000000000004,0.06901098901098901,0.025,0.5665,0.25,0,0.0,0.19852437562437564,19.85,Low,Panchagarh
Patuakhali,1970s,5,161,Category 2,17.5,6,18.33,0.9,1,22.35,90.3,2.1604315335758786,0.4545454545454546,0.5733333333333335,0.06505494505494505,0.15000000000000002,0.1833,0.9,1,0.9922121492622518,0.48899127486628513,48.9,Medium,Patuakhali
Pirojpur,1970s,6,177,Category 2,24.9,5,54.39,0.9,1,22.58,89.98,2.5668801960927214,0.5454545454545454,0.6800000000000002,0.09758241758241756,0.125,0.5439,0.9,1,0.9907469968299507,0.5556702441385395,55.57,High,Pirojpur
Rajbari,1970s,4,163,Category 2,12.0,5,50.61,0.6,1,23.72,89.65,53.227720010614995,0.36363636363636365,0.5866666666666667,0.04087912087912088,0.125,0.5061,0.6,1,0.808126509861107,0.43884997366343337,43.88,Medium,Rajbari
Rajshahi,1970s,4,123,Category 1,6.9,1,31.51,0.25,0,24.3745,88.6042,191.61681259532386,0.36363636363636365,0.32000000000000006,0.018461538461538463,0.025,0.3151,0.25,0,0.3092661756952424,0.2090013028842096,20.9,Low,Rajshahi
Rangamati,1970s,5,142,Category 1,7.5,2,22.94,0.5,0,22.65,92.17,23.00520212531517,0.4545454545454546,0.44666666666666677,0.0210989010989011,0.05,0.22940000000000002,0.5,0,0.9170716231644975,0.33549381566310316,33.55,Medium,Rangamati
Rangpur,1970s,2,109,Tropical Storm,21.1,2,19.08,0.25,0,25.7449,89.2756,254.71903611590815,0.18181818181818182,0.22666666666666668,0.08087912087912089,0.05,0.19079999999999997,0.25,0,0.08179740829351134,0.14566433623394653,14.57,Low,Rangpur
Satkhira,1970s,9,220,Category 4,77.9,5,53.91,0.9,1,22.7234,89.0751,49.7815374736277,0.8181818181818182,0.9666666666666668,0.3305494505494506,0.125,0.5390999999999999,0.9,1,0.8205491924576112,0.6570246095554515,65.7,High,Satkhira
Shariatpur,1970s,1,164,Category 2,40.2,3,46.7,0.6,1,23.22,90.35,5.633963162020451,0.09090909090909091,0.5933333333333335,0.16483516483516483,0.07500000000000001,0.467,0.6,1,0.9796908795831338,0.4232807263199518,42.33,Medium,Shariatpur
Sherpur,1970s,2,97,Tropical Storm,15.3,3,8.68,0.25,0,25.0188,90.0175,152.90685141280642,0.18181818181818182,0.14666666666666672,0.055384615384615386,0.07500000000000001,0.0868,0.25,0,0.44880653838125384,0.159891073418545,15.99,Low,Sherpur
Sirajganj,1970s,4,109,Tropical Storm,67.5,1,39.63,0.25,0,24.45,89.71,110.26885916963853,0.36363636363636365,0.22666666666666668,0.28483516483516486,0.025,0.39630000000000004,0.25,0,0.6025065349728822,0.2724013827680175,27.24,Medium,Sirajganj
Sunamganj,1970s,0,112,Tropical Storm,9.4,0,59.56,0.25,0,25.07,91.4,162.64771424666645,0.0,0.2466666666666667,0.02945054945054945,0.0,0.5956,0.25,0,0.413693004520998,0.17984688286968223,17.98,Low,Sunamganj
Sylhet,1970s,1,122,Category 1,10.5,1,15.49,0.25,0,24.899,91.872,179.82763831127104,0.09090909090909091,0.31333333333333335,0.03428571428571429,0.025,0.1549,0.25,0,0.3517633935976021,0.157695560138981,15.77,Low,Sylhet
Tangail,1970s,0,92,Tropical Storm,18.5,0,20.0,0.25,0,24.25,89.9167,81.09414336217502,0.0,0.1133333333333334,0.06945054945054946,0.0,0.2,0.25,0,0.7076745666802706,0.1556850390856095,15.57,Low,Tangail
Thakurgaon,1970s,0,130,Category 1,9.6,1,18.41,0.25,0,26.02,88.46,323.338542995847,0.0,0.3666666666666667,0.03032967032967033,0.025,0.1841,0.25,0,0.0,0.11920945054945056,11.92,Low,Thakurgaon
Bagerhat,1980s,4,187,Category 3,11.3,1,29.22,0.9,1,22.65,89.7667,18.216448569713435,0.36363636363636365,0.7466666666666668,0.037802197802197804,0.025,0.2922,0.9,1,0.9343339604944657,0.4836191802652308,48.36,Medium,Bagerhat
Bandarban,1980s,4,151,Category 1,37.6,3,16.03,0.5,0,22.194,92.218,23.505749307476048,0.36363636363636365,0.5066666666666668,0.1534065934065934,0.07500000000000001,0.1603,0.5,0,0.9152672675617919,0.34736317031262276,34.74,Medium,Bandarban
Barguna,1980s,4,178,Category 3,10.1,3,41.47,0.9,1,22.15,90.13,0.9261178150548535,0.36363636363636365,0.6866666666666668,0.032527472527472526,0.07500000000000001,0.4147,0.9,1,0.9966615617310126,0.4998107315976767,49.98,Medium,Barguna
Barishal,1980s,4,198,Category 3,21.2,1,37.22,0.9,1,22.7,90.37,0.899381680381425,0.36363636363636365,0.8200000000000001,0.08131868131868131,0.025,0.3722,0.9,1,0.9967579392476824,0.515389050668025,51.54,High,Barishal
Bhola,1980s,8,196,Category 3,40.2,5,48.13,0.9,1,22.69,90.65,0.0,0.7272727272727273,0.8066666666666666,0.16483516483516483,0.125,0.4813,0.9,1,1.0,0.6066961838161838,60.67,High,Bhola
Bogura,1980s,3,119,Category 1,10.1,0,21.32,0.25,0,24.85,89.37,169.40081656809386,0.2727272727272727,0.29333333333333333,0.032527472527472526,0.0,0.2132,0.25,0,0.38934964900212676,0.18754317668842446,18.75,Low,Bogura
Brahmanbaria,1980s,4,157,Category 2,19.9,0,51.2,0.55,0,23.96,91.11,53.92480009450332,0.36363636363636365,0.5466666666666666,0.07560439560439561,0.0,0.512,0.55,0,0.8056136990817746,0.36214748379429135,36.21,Medium,Brahmanbaria
Chandpur,1980s,0,174,Category 2,49.6,2,16.23,0.9,1,23.23,90.65,0.6753323067304762,0.0,0.6600000000000001,0.20615384615384616,0.05,0.1623,0.9,1,0.9975655848743834,0.4384096354105153,43.84,Medium,Chandpur
Chapainawabganj,1980s,1,111,Tropical Storm,17.0,1,46.0,0.25,0,24.6,88.27,224.03568032443172,0.09090909090909091,0.2400000000000001,0.06285714285714286,0.025,0.46,0.25,0,0.19240373454062298,0.16555530851899738,16.56,Low,Chapainawabganj
Chattogram,1980s,4,183,Category 3,5.0,0,34.53,0.9,1,22.35,91.83,0.5135106554453361,0.36363636363636365,0.72,0.010109890109890107,0.0,0.3453,0.9,1,0.9981489141059554,0.48340682947253366,48.34,Medium,Chattogram
Chuadanga,1980s,1,126,Category 1,3.8,1,37.49,0.25,0,23.63,88.83,133.27223260718276,0.09090909090909091,0.3400000000000001,0.0048351648351648326,0.025,0.3749,0.25,0,0.5195847501293889,0.1960601133745773,19.61,Low,Chuadanga
Cox's Bazar,1980s,2,173,Category 2,45.4,7,53.7,0.9,1,21.4272,92.0058,0.8136577211409901,0.18181818181818182,0.6533333333333333,0.18769230769230769,0.17500000000000002,0.537,0.9,1,0.9970669540851526,0.5180832688350886,51.81,High,Cox's Bazar
Cumilla,1980s,4,144,Category 1,36.0,4,27.89,0.55,0,23.46,91.18,35.211924425253166,0.36363636363636365,0.4600000000000001,0.14637362637362636,0.1,0.2789,0.55,0,0.8730692422551091,0.35819842272700936,35.82,Medium,Cumilla
Dhaka,1980s,3,96,Tropical Storm,38.0,0,15.87,0.25,0,23.8103,90.4125,22.812268436942265,0.2727272727272727,0.14,0.15516483516483515,0.0,0.15869999999999998,0.25,0,0.9177671040181973,0.23033052658563588,23.03,Low,Dhaka
Dinajpur,1980s,2,107,Tropical Storm,20.0,3,14.58,0.25,0,25.625,88.65,277.4104956973714,0.18181818181818182,0.21333333333333337,0.07604395604395603,0.07500000000000001,0.1458,0.25,0,0.0,0.1340093206793207,13.4,Low,Dinajpur
Faridpur,1980s,1,110,Tropical Storm,13.6,0,14.04,0.25,0,23.607,89.8429,33.59870525010296,0.09090909090909091,0.2333333333333334,0.04791208791208791,0.0,0.1404,0.25,0,0.8788845203364044,0.1952516288568173,19.53,Low,Faridpur
Feni,1980s,3,162,Category 2,31.5,1,24.95,0.9,1,23.02,91.4,4.339493225332895,0.2727272727272727,0.5800000000000001,0.1265934065934066,0.025,0.2495,0.9,1,0.9843571411585419,0.4590338160139561,45.9,Medium,Feni
Gaibandha,1980s,4,114,Tropical Storm,6.5,8,30.34,0.25,0,25.33,89.55,205.18064883903156,0.36363636363636365,0.26,0.0167032967032967,0.2,0.3034,0.25,0,0.26037171620620936,0.21992812067157,21.99,Low,Gaibandha
Gazipur,1980s,2,156,Category 2,61.5,1,55.26,0.6,1,24.0,90.4167,31.69305148840342,0.18181818181818182,0.54,0.25846153846153846,0.025,0.5526,0.6,1,0.8857539567537577,0.4346273537173338,43.46,Medium,Gazipur
Gopalganj,1980s,7,130,Category 1,21.1,4,28.08,0.6,1,23.02,89.83,42.35917897743101,0.6363636363636364,0.3666666666666667,0.08087912087912089,0.1,0.2808,0.6,1,0.8473050600665057,0.43039691959306414,43.04,Medium,Gopalganj
Habiganj,1980s,3,100,Tropical Storm,13.4,0,23.29,0.25,0,24.38,91.42,102.01272186613583,0.2727272727272727,0.16666666666666674,0.047032967032967034,0.0,0.2329,0.25,0,0.6322679803095047,0.19698083399498645,19.7,Low,Habiganj
Jamalpur,1980s,3,117,Tropical Storm,17.0,2,11.86,0.25,0,24.923,89.9501,144.24911964095668,0.2727272727272727,0.28,0.06285714285714286,0.05,0.1186,0.25,0,0.48001563791472834,0.19719922612913515,19.72,Low,Jamalpur
Jashore,1980s,5,131,Category 1,34.7,3,61.02,0.6,1,23.17,89.2,85.72746216922243,0.4545454545454546,0.3733333333333334,0.14065934065934066,0.07500000000000001,0.6102000000000001,0.6,1,0.6909725352902906,0.42664797280974837,42.66,Medium,Jashore
Jhalokathi,1980s,2,170,Category 2,14.9,1,12.89,0.9,1,22.64,90.19,9.64399316809603,0.18181818181818182,0.6333333333333333,0.05362637362637363,0.025,0.12890000000000001,0.9,1,0.9652356586442328,0.4284802491811066,42.85,Medium,Jhalokathi
Jhenaidah,1980s,1,108,Tropical Storm,9.6,1,29.47,0.25,0,23.55,89.15,99.8654075414815,0.09090909090909091,0.22000000000000008,0.03032967032967033,0.025,0.29469999999999996,0.25,0,0.6400085465748736,0.18590666884330156,18.59,Low,Jhenaidah
Joypurhat,1980s,1,130,Category 1,15.5,2,63.51,0.25,0,25.1,89.02,210.057332512968,0.09090909090909091,0.3666666666666667,0.05626373626373626,0.05,0.6351,0.25,0,0.24279241135086438,0.20986516521101053,20.99,Low,Joypurhat
Khagrachhari,1980s,1,120,Category 1,11.3,2,25.2,0.5,0,23.1,91.98,44.09217167729194,0.09090909090909091,0.30000000000000004,0.037802197802197804,0.05,0.252,0.5,0,0.8410580264223588,0.2561124959489292,25.61,Medium,Khagrachhari
Khulna,1980s,3,200,Category 3,21.1,3,15.1,0.9,1,22.8167,89.55,51.72991900542131,0.2727272727272727,0.8333333333333335,0.08087912087912089,0.07500000000000001,0.151,0.9,1,0.8135257324154967,0.47074353228250876,47.07,Medium,Khulna
Kishoreganj,1980s,3,111,Tropical Storm,10.0,3,7.98,0.25,0,24.44,90.77,83.86147523844551,0.2727272727272727,0.2400000000000001,0.032087912087912084,0.07500000000000001,0.07980000000000001,0.25,0,0.6976989820531865,0.20822217592759637,20.82,Low,Kishoreganj
Kurigram,1980s,1,103,Tropical Storm,13.3,0,30.23,0.25,0,25.81,89.65,252.48924287170357,0.09090909090909091,0.18666666666666676,0.0465934065934066,0.0,0.3023,0.25,0,0.08983529178670502,0.12533890380404517,12.53,Low,Kurigram
Kushtia,1980s,1,90,Tropical Storm,15.0,4,34.35,0.25,0,23.9,89.12,114.10660835052775,0.09090909090909091,0.10000000000000009,0.05406593406593407,0.1,0.3435,0.25,0,0.5886723461429257,0.18246348836054635,18.25,Low,Kushtia
Lakshmipur,1980s,4,216,Category 4,11.9,11,48.48,0.9,1,22.95,90.83,4.291181844699926,0.36363636363636365,0.9400000000000002,0.04043956043956044,0.275,0.48479999999999995,0.9,1,0.984531292394282,0.5747945178508168,57.48,High,Lakshmipur
Lalmonirhat,1980s,1,109,Tropical Storm,24.1,1,22.33,0.25,0,25.92,89.45,265.3815664489971,0.09090909090909091,0.22666666666666668,0.09406593406593408,0.025,0.22329999999999997,0.25,0,0.043361478512683016,0.12966240159752204,12.97,Low,Lalmonirhat
Madaripur,1980s,3,151,Category 1,30.6,3,13.13,0.6,1,23.17,90.19,15.313143071993538,0.2727272727272727,0.5066666666666668,0.12263736263736263,0.07500000000000001,0.1313,0.6,1,0.9447996982468222,0.39416466512937753,39.42,Medium,Madaripur
Magura,1980s,0,98,Tropical Storm,7.5,0,14.11,0.25,0,23.49,89.42,71.50195544167823,0.0,0.15333333333333332,0.0210989010989011,0.0,0.1411,0.25,0,0.7422521622264786,0.15200005138748302,15.2,Low,Magura
Manikganj,1980s,1,100,Tropical Storm,4.5,1,25.37,0.25,0,23.86,90.0,38.02478568555899,0.09090909090909091,0.16666666666666674,0.00791208791208791,0.025,0.25370000000000004,0.25,0,0.862929534839805,0.19273613030715733,19.27,Low,Manikganj
Meherpur,1980s,2,125,Category 1,16.5,3,27.41,0.25,0,23.77,88.63,148.09670694639158,0.18181818181818182,0.33333333333333337,0.060659340659340664,0.07500000000000001,0.2741,0.25,0,0.4661459849451728,0.20914622686614565,20.91,Low,Meherpur
Moulvibazar,1980s,2,107,Tropical Storm,13.8,1,17.7,0.25,0,24.48,91.77,137.64502113539567,0.18181818181818182,0.21333333333333337,0.048791208791208796,0.025,0.177,0.25,0,0.5038218695028995,0.17592359554169856,17.59,Low,Moulvibazar
Munshiganj,1980s,3,143,Category 1,30.2,2,42.12,0.6,1,23.54,90.53,0.0,0.2727272727272727,0.45333333333333337,0.12087912087912087,0.05,0.42119999999999996,0.6,1,1.0,0.416660959040959,41.67,Medium,Munshiganj
Mymensingh,1980s,2,107,Tropical Storm,11.6,1,53.54,0.25,0,24.7434,90.3984,114.21111300471469,0.18181818181818182,0.21333333333333337,0.039120879120879117,0.025,0.5354,0.25,0,0.5882956312896387,0.21876042226982303,21.88,Low,Mymensingh
Naogaon,1980s,1,127,Category 1,12.7,1,19.35,0.25,0,24.81,88.94,189.27093647553838,0.09090909090909091,0.3466666666666667,0.04395604395604395,0.025,0.1935,0.25,0,0.31772251082376113,0.16460202131214635,16.46,Low,Naogaon
Narail,1980s,0,112,Tropical Storm,7.7,2,16.1,0.25,0,23.18,89.5,70.05451022845219,0.0,0.2466666666666667,0.021978021978021976,0.05,0.161,0.25,0,0.7474698639200911,0.1761436896887124,17.61,Low,Narail
Narayanganj,1980s,3,166,Category 2,10.1,7,33.58,0.6,1,23.6226,90.501,3.3828178991013105,0.2727272727272727,0.6066666666666667,0.032527472527472526,0.17500000000000002,0.3358,0.6,1,0.9878057321133529,0.4353987849995471,43.54,Medium,Narayanganj
Narsingdi,1980s,2,104,Tropical Storm,14.6,4,23.99,0.25,0,23.9207,90.7188,26.18641527044252,0.18181818181818182,0.19333333333333336,0.05230769230769231,0.1,0.23989999999999997,0.25,0,0.9056040932964216,0.23116929044852327,23.12,Low,Narsingdi
Natore,1980s,2,112,Tropical Storm,10.5,0,31.23,0.25,0,24.42,89.0,155.1596382078644,0.18181818181818182,0.2466666666666667,0.03428571428571429,0.0,0.3123,0.25,0,0.4406857685113368,0.1822141612667181,18.22,Low,Natore
Netrokona,1980s,2,117,Tropical Storm,16.5,0,15.24,0.25,0,24.88,90.73,128.35689341795188,0.18181818181818182,0.28,0.060659340659340664,0.0,0.1524,0.25,0,0.5373033990827185,0.18484196827990024,18.48,Low,Netrokona
Nilphamari,1980s,3,130,Category 1,13.8,2,60.19,0.25,0,25.95,88.85,294.2392506393151,0.2727272727272727,0.3666666666666667,0.048791208791208796,0.05,0.6019,0.25,0,0.0,0.20841777222777222,20.84,Low,Nilphamari
Noakhali,1980s,8,194,Category 3,19.2,2,60.13,0.9,1,22.82,91.1,3.4856477682025,0.7272727272727273,0.7933333333333334,0.07252747252747252,0.05,0.6013000000000001,0.9,1,0.9874350544688655,0.5903435354169165,59.03,High,Noakhali
Pabna,1980s,3,111,Tropical Storm,22.5,3,4.05,0.25,0,24.0064,89.2493,104.88417821369146,0.2727272727272727,0.2400000000000001,0.08703296703296703,0.07500000000000001,0.0405,0.25,0,0.6219170512996373,0.2049557410939997,20.5,Low,Pabna
Panchagarh,1980s,1,75,Tropical Storm,7.1,1,27.33,0.25,0,26.33,88.56,344.84409227917126,0.09090909090909091,0.0,0.019340659340659337,0.025,0.2733,0.25,0,0.0,0.08511746253746252,8.51,Low,Panchagarh
Patuakhali,1980s,5,191,Category 3,62.1,2,50.89,0.9,1,22.35,90.3,2.1604315335758786,0.4545454545454546,0.7733333333333334,0.2610989010989011,0.05,0.5089,0.9,1,0.9922121492622518,0.5659578682728785,56.6,High,Patuakhali
Pirojpur,1980s,2,178,Category 3,32.6,4,58.06,0.9,1,22.58,89.98,2.5668801960927214,0.18181818181818182,0.6866666666666668,0.13142857142857142,0.1,0.5806,0.9,1,0.9907469968299507,0.507121712670008,50.71,High,Pirojpur
Rajbari,1980s,5,122,Category 1,32.1,1,19.59,0.6,1,23.72,89.65,53.227720010614995,0.4545454545454546,0.31333333333333335,0.12923076923076923,0.025,0.1959,0.6,1,0.808126509861107,0.3787190845525443,37.87,Medium,Rajbari
Rajshahi,1980s,3,126,Category 1,7.5,1,9.86,0.25,0,24.3745,88.6042,191.61681259532386,0.2727272727272727,0.3400000000000001,0.0210989010989011,0.025,0.0986,0.25,0,0.3092661756952424,0.17711054364345033,17.71,Low,Rajshahi
Rangamati,1980s,1,133,Category 1,17.0,5,46.86,0.5,0,22.65,92.17,23.00520212531517,0.09090909090909091,0.3866666666666667,0.06285714285714286,0.125,0.4686,0.5,0,0.9170716231644975,0.31338209738138484,31.34,Medium,Rangamati
Rangpur,1980s,0,115,Tropical Storm,13.8,0,23.29,0.25,0,25.7449,89.2756,254.71903611590815,0.0,0.2666666666666667,0.048791208791208796,0.0,0.2329,0.25,0,0.08179740829351134,0.11628842214803245,11.63,Low,Rangpur
Satkhira,1980s,3,178,Category 3,28.6,5,76.22,0.9,1,22.7234,89.0751,49.7815374736277,0.2727272727272727,0.6866666666666668,0.11384615384615385,0.125,0.7622,0.9,1,0.8205491924576112,0.523010933231775,52.3,High,Satkhira
Shariatpur,1980s,2,143,Category 1,15.4,10,35.46,0.6,1,23.22,90.35,5.633963162020451,0.18181818181818182,0.45333333333333337,0.05582417582417582,0.25,0.3546,0.6,1,0.9796908795831338,0.414575441604667,41.46,Medium,Shariatpur
Sherpur,1980s,0,109,Tropical Storm,12.3,2,19.71,0.25,0,25.0188,90.0175,152.90685141280642,0.0,0.22666666666666668,0.0421978021978022,0.05,0.1971,0.25,0,0.44880653838125384,0.14992032416779572,14.99,Low,Sherpur
Sirajganj,1980s,4,88,Tropical Storm,22.9,1,23.52,0.25,0,24.45,89.71,110.26885916963853,0.36363636363636365,0.08666666666666667,0.08879120879120878,0.025,0.2352,0.25,0,0.6025065349728822,0.2058847893614241,20.59,Low,Sirajganj
Sunamganj,1980s,1,104,Tropical Storm,47.4,1,27.43,0.25,0,25.07,91.4,162.64771424666645,0.09090909090909091,0.19333333333333336,0.19648351648351647,0.025,0.2743,0.25,0,0.413693004520998,0.18215819156099092,18.22,Low,Sunamganj
Sylhet,1980s,1,110,Tropical Storm,22.9,4,18.9,0.25,0,24.899,91.872,179.82763831127104,0.09090909090909091,0.2333333333333334,0.08879120879120878,0.1,0.18899999999999997,0.25,0,0.3517633935976021,0.1685313843148052,16.85,Low,Sylhet
Tangail,1980s,3,99,Tropical Storm,25.5,1,14.42,0.25,0,24.25,89.9167,81.09414336217502,0.2727272727272727,0.16000000000000003,0.10021978021978023,0.025,0.1442,0.25,0,0.7076745666802706,0.20637951461008502,20.64,Low,Tangail
Thakurgaon,1980s,5,95,Tropical Storm,8.6,3,21.67,0.25,0,26.02,88.46,323.338542995847,0.4545454545454546,0.13333333333333341,0.025934065934065935,0.07500000000000001,0.2167,0.25,0,0.0,0.16249192807192808,16.25,Low,Thakurgaon
Bagerhat,1990s,3,187,Category 3,27.9,4,68.06,0.9,1,22.65,89.7667,18.216448569713435,0.2727272727272727,0.7466666666666668,0.11076923076923076,0.1,0.6806,0.9,1,0.9343339604944657,0.5310178715739221,53.1,High,Bagerhat
Bandarban,1990s,5,125,Category 1,17.3,6,60.57,0.5,0,22.194,92.218,23.505749307476048,0.4545454545454546,0.33333333333333337,0.06417582417582418,0.15000000000000002,0.6057,0.5,0,0.9152672675617919,0.377404918564371,37.74,Medium,Bandarban
Barguna,1990s,6,209,Category 4,35.0,7,6.32,0.9,1,22.15,90.13,0.9261178150548535,0.5454545454545454,0.8933333333333333,0.14197802197802198,0.17500000000000002,0.0632,0.9,1,0.9966615617310126,0.5543510412879864,55.44,High,Barguna
Barishal,1990s,5,188,Category 3,38.5,5,67.46,0.9,1,22.7,90.37,0.899381680381425,0.4545454545454546,0.7533333333333334,0.15736263736263736,0.125,0.6746,0.9,1,0.9967579392476824,0.575672007710982,57.57,High,Barishal
Bhola,1990s,10,176,Category 2,54.3,8,28.31,0.9,1,22.69,90.65,0.0,0.9090909090909092,0.6733333333333333,0.2268131868131868,0.2,0.28309999999999996,0.9,1,1.0,0.6146956143856144,61.47,High,Bhola
Bogura,1990s,2,98,Tropical Storm,2.7,0,20.76,0.25,0,24.85,89.37,169.40081656809386,0.18181818181818182,0.15333333333333332,0.0,0.0,0.2076,0.25,0,0.38934964900212676,0.14746769217293995,14.75,Low,Bogura
Brahmanbaria,1990s,2,138,Category 1,29.8,2,47.36,0.55,0,23.96,91.11,53.92480009450332,0.18181818181818182,0.42000000000000004,0.11912087912087913,0.05,0.4736,0.55,0,0.8056136990817746,0.32606222904903664,32.61,Medium,Brahmanbaria
Chandpur,1990s,3,187,Category 3,17.3,9,51.78,0.9,1,23.23,90.65,0.6753323067304762,0.2727272727272727,0.7466666666666668,0.06417582417582418,0.225,0.5178,0.9,1,0.9975655848743834,0.5328220230229028,53.28,High,Chandpur
Chapainawabganj,1990s,2,96,Tropical Storm,27.8,1,20.59,0.25,0,24.6,88.27,224.03568032443172,0.18181818181818182,0.14,0.11032967032967034,0.025,0.2059,0.25,0,0.19240373454062298,0.1459025512762401,14.59,Low,Chapainawabganj
Chattogram,1990s,8,215,Category 4,54.8,2,57.05,0.9,1,22.35,91.83,0.5135106554453361,0.7272727272727273,0.9333333333333333,0.22901098901098899,0.05,0.5705,0.9,1,0.9981489141059554,0.632807448853153,63.28,High,Chattogram
Chuadanga,1990s,2,118,Tropical Storm,4.7,1,13.37,0.25,0,23.63,88.83,133.27223260718276,0.18181818181818182,0.28666666666666674,0.008791208791208791,0.025,0.13369999999999999,0.25,0,0.5195847501293889,0.1781698836043475,17.82,Low,Chuadanga
Cox's Bazar,1990s,5,188,Category 3,38.3,2,43.03,0.9,1,21.4272,92.0058,0.8136577211409901,0.4545454545454546,0.7533333333333334,0.15648351648351647,0.05,0.4303,0.9,1,0.9970669540851526,0.5398910410628609,53.99,High,Cox's Bazar
Cumilla,1990s,2,148,Category 1,31.5,1,34.29,0.55,0,23.46,91.18,35.211924425253166,0.18181818181818182,0.4866666666666667,0.1265934065934066,0.025,0.3429,0.55,0,0.8730692422551091,0.3271086624872492,32.71,Medium,Cumilla
Dhaka,1990s,1,116,Tropical Storm,9.5,3,18.16,0.25,0,23.8103,90.4125,22.812268436942265,0.09090909090909091,0.27333333333333343,0.029890109890109887,0.07500000000000001,0.1816,0.25,0,0.9177671040181973,0.21780659052169987,21.78,Low,Dhaka
Dinajpur,1990s,1,118,Tropical Storm,19.4,3,2.68,0.25,0,25.625,88.65,277.4104956973714,0.09090909090909091,0.28666666666666674,0.07340659340659339,0.07500000000000001,0.0268,0.25,0,0.0,0.11907735264735264,11.91,Low,Dinajpur
Faridpur,1990s,1,104,Tropical Storm,43.3,0,9.1,0.25,0,23.607,89.8429,33.59870525010296,0.09090909090909091,0.19333333333333336,0.17846153846153845,0.0,0.091,0.25,0,0.8788845203364044,0.20389404643923487,20.39,Low,Faridpur
Feni,1990s,6,189,Category 3,38.7,5,44.45,0.9,1,23.02,91.4,4.339493225332895,0.5454545454545454,0.76,0.15824175824175823,0.125,0.4445,0.9,1,0.9843571411585419,0.5661901596702997,56.62,High,Feni
Gaibandha,1990s,2,131,Category 1,11.0,0,3.48,0.25,0,25.33,89.55,205.18064883903156,0.18181818181818182,0.3733333333333334,0.036483516483516484,0.0,0.0348,0.25,0,0.26037171620620936,0.15576242636587567,15.58,Low,Gaibandha
Gazipur,1990s,2,141,Category 1,18.3,2,17.31,0.6,1,24.0,90.4167,31.69305148840342,0.18181818181818182,0.44000000000000006,0.06857142857142856,0.05,0.17309999999999998,0.6,1,0.8857539567537577,0.3569438372338173,35.69,Medium,Gazipur
Gopalganj,1990s,3,146,Category 1,29.2,2,56.72,0.6,1,23.02,89.83,42.35917897743101,0.2727272727272727,0.4733333333333334,0.11648351648351649,0.05,0.5672,0.6,1,0.8473050600665057,0.41833212438826894,41.83,Medium,Gopalganj
Habiganj,1990s,1,116,Tropical Storm,26.3,0,23.85,0.25,0,24.38,91.42,102.01272186613583,0.09090909090909091,0.27333333333333343,0.10373626373626374,0.0,0.23850000000000002,0.25,0,0.6322679803095047,0.19477360122775372,19.48,Low,Habiganj
Jamalpur,1990s,0,116,Tropical Storm,8.7,2,7.56,0.25,0,24.923,89.9501,144.24911964095668,0.0,0.27333333333333343,0.02637362637362637,0.05,0.0756,0.25,0,0.48001563791472834,0.1455176077475168,14.55,Low,Jamalpur
Jashore,1990s,1,163,Category 2,8.5,0,26.91,0.6,1,23.17,89.2,85.72746216922243,0.09090909090909091,0.5866666666666667,0.025494505494505493,0.0,0.2691,0.6,1,0.6909725352902906,0.34146779298956853,34.15,Medium,Jashore
Jhalokathi,1990s,5,203,Category 3,42.7,3,41.33,0.9,1,22.64,90.19,9.64399316809603,0.4545454545454546,0.8533333333333335,0.17582417582417584,0.07500000000000001,0.4133,0.9,1,0.9652356586442328,0.5566590104198679,55.67,High,Jhalokathi
Jhenaidah,1990s,3,94,Tropical Storm,6.1,1,2.81,0.25,0,23.55,89.15,99.8654075414815,0.2727272727272727,0.1266666666666667,0.014945054945054943,0.025,0.0281,0.25,0,0.6400085465748736,0.17021170380833653,17.02,Low,Jhenaidah
Joypurhat,1990s,2,119,Category 1,6.0,1,10.78,0.25,0,25.1,89.02,210.057332512968,0.18181818181818182,0.29333333333333333,0.014505494505494505,0.025,0.10779999999999999,0.25,0,0.24279241135086438,0.1497577925836379,14.98,Low,Joypurhat
Khagrachhari,1990s,3,127,Category 1,15.3,1,43.59,0.5,0,23.1,91.98,44.09217167729194,0.2727272727272727,0.3466666666666667,0.055384615384615386,0.025,0.4359,0.5,0,0.8410580264223588,0.3076625858590191,30.77,Medium,Khagrachhari
Khulna,1990s,7,182,Category 3,66.0,5,31.98,0.9,1,22.8167,89.55,51.72991900542131,0.6363636363636364,0.7133333333333334,0.2782417582417583,0.125,0.31980000000000003,0.9,1,0.8135257324154967,0.5612733824323589,56.13,High,Khulna
Kishoreganj,1990s,2,100,Tropical Storm,8.5,4,45.18,0.25,0,24.44,90.77,83.86147523844551,0.18181818181818182,0.16666666666666674,0.025494505494505493,0.1,0.4518,0.25,0,0.6976989820531865,0.22354680130222176,22.35,Low,Kishoreganj
Kurigram,1990s,3,129,Category 1,18.3,3,21.71,0.25,0,25.81,89.65,252.48924287170357,0.2727272727272727,0.3600000000000001,0.06857142857142856,0.07500000000000001,0.21710000000000002,0.25,0,0.08983529178670502,0.1846383343734757,18.46,Low,Kurigram
Kushtia,1990s,2,110,Tropical Storm,18.6,2,20.99,0.25,0,23.9,89.12,114.10660835052775,0.18181818181818182,0.2333333333333334,0.06989010989010991,0.05,0.20989999999999998,0.25,0,0.5886723461429257,0.19761347837053633,19.76,Low,Kushtia
Lakshmipur,1990s,2,187,Category 3,71.8,2,32.96,0.9,1,22.95,90.83,4.291181844699926,0.18181818181818182,0.7466666666666668,0.3037362637362637,0.05,0.3296,0.9,1,0.984531292394282,0.508746296072595,50.87,High,Lakshmipur
Lalmonirhat,1990s,2,102,Tropical Storm,38.8,2,38.75,0.25,0,25.92,89.45,265.3815664489971,0.18181818181818182,0.18000000000000005,0.15868131868131866,0.05,0.3875,0.25,0,0.043361478512683016,0.1661610729261934,16.62,Low,Lalmonirhat
Madaripur,1990s,7,162,Category 2,19.9,0,6.75,0.6,1,23.17,90.19,15.313143071993538,0.6363636363636364,0.5800000000000001,0.07560439560439561,0.0,0.0675,0.6,1,0.9447996982468222,0.435025174619887,43.5,Medium,Madaripur
Magura,1990s,3,95,Tropical Storm,12.1,0,42.85,0.25,0,23.49,89.42,71.50195544167823,0.2727272727272727,0.13333333333333341,0.04131868131868131,0.0,0.4285,0.25,0,0.7422521622264786,0.22168210932954097,22.17,Low,Magura
Manikganj,1990s,1,102,Tropical Storm,9.6,2,10.09,0.25,0,23.86,90.0,38.02478568555899,0.09090909090909091,0.18000000000000005,0.03032967032967033,0.05,0.1009,0.25,0,0.862929534839805,0.1865687676697947,18.66,Low,Manikganj
Meherpur,1990s,5,109,Tropical Storm,11.5,1,5.02,0.25,0,23.77,88.63,148.09670694639158,0.4545454545454546,0.22666666666666668,0.03868131868131868,0.025,0.050199999999999995,0.25,0,0.4661459849451728,0.20086861447853327,20.09,Low,Meherpur
Moulvibazar,1990s,2,121,Category 1,18.1,0,35.59,0.25,0,24.48,91.77,137.64502113539567,0.18181818181818182,0.30666666666666675,0.06769230769230769,0.0,0.35590000000000005,0.25,0,0.5038218695028995,0.2068987603768634,20.69,Low,Moulvibazar
Munshiganj,1990s,2,132,Category 1,45.2,1,24.6,0.6,1,23.54,90.53,0.0,0.18181818181818182,0.38,0.18681318681318682,0.025,0.24600000000000002,0.6,1,1.0,0.3806447052947053,38.06,Medium,Munshiganj
Mymensingh,1990s,3,97,Tropical Storm,11.2,2,1.43,0.25,0,24.7434,90.3984,114.21111300471469,0.2727272727272727,0.14666666666666672,0.03736263736263736,0.05,0.0143,0.25,0,0.5882956312896387,0.17377304964245038,17.38,Low,Mymensingh
Naogaon,1990s,2,92,Tropical Storm,10.4,1,11.02,0.25,0,24.81,88.94,189.27093647553838,0.18181818181818182,0.1133333333333334,0.033846153846153845,0.025,0.11019999999999999,0.25,0,0.31772251082376113,0.13339190143202648,13.34,Low,Naogaon
Narail,1990s,0,99,Tropical Storm,25.4,5,33.03,0.25,0,23.18,89.5,70.05451022845219,0.0,0.16000000000000003,0.09978021978021978,0.125,0.33030000000000004,0.25,0,0.7474698639200911,0.20299401935904207,20.3,Low,Narail
Narayanganj,1990s,3,134,Category 1,56.3,6,25.87,0.6,1,23.6226,90.501,3.3828178991013105,0.2727272727272727,0.3933333333333334,0.23560439560439558,0.15000000000000002,0.2587,0.6,1,0.9878057321133529,0.4224003234610856,42.24,Medium,Narayanganj
Narsingdi,1990s,0,107,Tropical Storm,14.1,1,11.83,0.25,0,23.9207,90.7188,26.18641527044252,0.0,0.21333333333333337,0.05010989010989011,0.025,0.1183,0.25,0,0.9056040932964216,0.18315689284612569,18.32,Low,Narsingdi
Natore,1990s,1,114,Tropical Storm,7.4,0,10.46,0.25,0,24.42,89.0,155.1596382078644,0.09090909090909091,0.26,0.020659340659340657,0.0,0.10460000000000001,0.25,0,0.4406857685113368,0.1477638415863984,14.78,Low,Natore
Netrokona,1990s,2,103,Tropical Storm,15.2,0,43.25,0.25,0,24.88,90.73,128.35689341795188,0.18181818181818182,0.18666666666666676,0.05494505494505494,0.0,0.4325,0.25,0,0.5373033990827185,0.1979948254227574,19.8,Low,Netrokona
Nilphamari,1990s,2,98,Tropical Storm,8.0,0,21.8,0.25,0,25.95,88.85,294.2392506393151,0.18181818181818182,0.15333333333333332,0.023296703296703296,0.0,0.218,0.25,0,0.0,0.11306723276723277,11.31,Low,Nilphamari
Noakhali,1990s,2,184,Category 3,26.2,1,12.34,0.9,1,22.82,91.1,3.4856477682025,0.18181818181818182,0.7266666666666668,0.10329670329670329,0.025,0.1234,0.9,1,0.9874350544688655,0.4516007382141193,45.16,Medium,Noakhali
Pabna,1990s,1,110,Tropical Storm,9.6,0,34.61,0.25,0,24.0064,89.2493,104.88417821369146,0.09090909090909091,0.2333333333333334,0.03032967032967033,0.0,0.3461,0.25,0,0.6219170512996373,0.18748751931577792,18.75,Low,Pabna
Panchagarh,1990s,2,125,Category 1,21.3,0,28.12,0.25,0,26.33,88.56,344.84409227917126,0.18181818181818182,0.33333333333333337,0.08175824175824176,0.0,0.2812,0.25,0,0.0,0.15515646353646353,15.52,Low,Panchagarh
Patuakhali,1990s,6,194,Category 3,230.2,1,50.01,0.9,1,22.35,90.3,2.1604315335758786,0.5454545454545454,0.7933333333333334,0.9999999999999999,0.025,0.5001,0.9,1,0.9922121492622518,0.6887993967444069,68.88,High,Patuakhali
Pirojpur,1990s,3,183,Category 3,14.9,1,30.48,0.9,1,22.58,89.98,2.5668801960927214,0.2727272727272727,0.72,0.05362637362637363,0.025,0.3048,0.9,1,0.9907469968299507,0.4752577466360421,47.53,Medium,Pirojpur
Rajbari,1990s,7,157,Category 2,18.6,0,42.05,0.6,1,23.72,89.65,53.227720010614995,0.6363636363636364,0.5466666666666666,0.06989010989010991,0.0,0.4205,0.6,1,0.808126509861107,0.45080071292417256,45.08,Medium,Rajbari
Rajshahi,1990s,1,104,Tropical Storm,23.3,1,21.42,0.25,0,24.3745,88.6042,191.61681259532386,0.09090909090909091,0.19333333333333336,0.09054945054945054,0.025,0.21420000000000003,0.25,0,0.3092661756952424,0.14981539878830546,14.98,Low,Rajshahi
Rangamati,1990s,3,133,Category 1,5.3,0,20.75,0.5,0,22.65,92.17,23.00520212531517,0.2727272727272727,0.3866666666666667,0.011428571428571427,0.0,0.2075,0.5,0,0.9170716231644975,0.2880805389398264,28.81,Medium,Rangamati
Rangpur,1990s,1,101,Tropical Storm,9.7,3,35.73,0.25,0,25.7449,89.2756,254.71903611590815,0.09090909090909091,0.17333333333333334,0.030769230769230764,0.07500000000000001,0.35729999999999995,0.25,0,0.08179740829351134,0.13691148908109937,13.69,Low,Rangpur
Satkhira,1990s,7,201,Category 3,42.7,2,20.45,0.9,1,22.7234,89.0751,49.7815374736277,0.6363636363636364,0.8400000000000001,0.17582417582417584,0.05,0.2045,0.9,1,0.8205491924576112,0.542833091073933,54.28,High,Satkhira
Shariatpur,1990s,5,139,Category 1,33.7,2,37.06,0.6,1,23.22,90.35,5.633963162020451,0.4545454545454546,0.42666666666666675,0.13626373626373628,0.05,0.37060000000000004,0.6,1,0.9796908795831338,0.43515046657969203,43.52,Medium,Shariatpur
Sherpur,1990s,0,92,Tropical Storm,15.0,0,23.95,0.25,0,25.0188,90.0175,152.90685141280642,0.0,0.1133333333333334,0.05406593406593407,0.0,0.2395,0.25,0,0.44880653838125384,0.13144054394801552,13.14,Low,Sherpur
Sirajganj,1990s,3,78,Tropical Storm,13.7,6,22.91,0.25,0,24.45,89.71,110.26885916963853,0.2727272727272727,0.020000000000000018,0.048351648351648346,0.15000000000000002,0.2291,0.25,0,0.6025065349728822,0.19432249165912638,19.43,Low,Sirajganj
Sunamganj,1990s,1,120,Category 1,20.2,1,69.83,0.25,0,25.07,91.4,162.64771424666645,0.09090909090909091,0.30000000000000004,0.07692307692307693,0.025,0.6983,0.25,0,0.413693004520998,0.222624125626925,22.26,Low,Sunamganj
Sylhet,1990s,2,108,Tropical Storm,14.9,0,35.82,0.25,0,24.899,91.872,179.82763831127104,0.18181818181818182,0.22000000000000008,0.05362637362637363,0.0,0.3582,0.25,0,0.3517633935976021,0.17681302267644355,17.68,Low,Sylhet
Tangail,1990s,0,102,Tropical Storm,12.3,4,1.46,0.25,0,24.25,89.9167,81.09414336217502,0.0,0.18000000000000005,0.0421978021978022,0.1,0.0146,0.25,0,0.7076745666802706,0.15805712699769742,15.81,Low,Tangail
Thakurgaon,1990s,1,121,Category 1,12.7,2,9.16,0.25,0,26.02,88.46,323.338542995847,0.09090909090909091,0.30666666666666675,0.04395604395604395,0.05,0.0916,0.25,0,0.0,0.12038977022977024,12.04,Low,Thakurgaon
Bagerhat,2000s,10,205,Category 3,118.0,6,60.08,0.9,1,22.65,89.7667,18.216448569713435,0.9090909090909092,0.8666666666666667,0.5068131868131869,0.15000000000000002,0.6008,0.9,1,0.9343339604944657,0.703399010435061,70.34,High,Bagerhat
Bandarban,2000s,2,133,Category 1,12.2,1,28.39,0.5,0,22.194,92.218,23.505749307476048,0.18181818181818182,0.3866666666666667,0.041758241758241756,0.025,0.2839,0.5,0,0.9152672675617919,0.29020319029264274,29.02,Medium,Bandarban
Barguna,2000s,4,199,Category 3,197.0,8,51.9,0.9,1,22.15,90.13,0.9261178150548535,0.36363636363636365,0.8266666666666667,0.8540659340659341,0.2,0.519,0.9,1,0.9966615617310126,0.673221500828446,67.32,High,Barguna
Barishal,2000s,5,185,Category 3,20.0,6,42.86,0.9,1,22.7,90.37,0.899381680381425,0.4545454545454546,0.7333333333333334,0.07604395604395603,0.15000000000000002,0.4286,0.9,1,0.9967579392476824,0.5396242055131798,53.96,High,Barishal
Bhola,2000s,4,187,Category 3,25.8,1,72.67,0.9,1,22.69,90.65,0.0,0.36363636363636365,0.7466666666666668,0.10153846153846155,0.025,0.7267,0.9,1,1.0,0.5431962237762238,54.32,High,Bhola
Bogura,2000s,2,118,Tropical Storm,13.4,2,9.85,0.25,0,24.85,89.37,169.40081656809386,0.18181818181818182,0.28666666666666674,0.047032967032967034,0.05,0.09849999999999999,0.25,0,0.38934964900212676,0.171112637227885,17.11,Low,Bogura
Brahmanbaria,2000s,2,154,Category 2,29.8,1,34.35,0.55,0,23.96,91.11,53.92480009450332,0.18181818181818182,0.5266666666666668,0.11912087912087913,0.025,0.3435,0.55,0,0.8056136990817746,0.32530222904903666,32.53,Medium,Brahmanbaria
Chandpur,2000s,5,187,Category 3,12.8,9,47.42,0.9,1,23.23,90.65,0.6753323067304762,0.4545454545454546,0.7466666666666668,0.044395604395604395,0.225,0.4742,0.9,1,0.9975655848743834,0.5527677173285972,55.28,High,Chandpur
Chapainawabganj,2000s,2,82,Tropical Storm,19.0,2,18.57,0.25,0,24.6,88.27,224.03568032443172,0.18181818181818182,0.046666666666666745,0.07164835164835165,0.05,0.1857,0.25,0,0.19240373454062298,0.1278303534740423,12.78,Low,Chapainawabganj
Chattogram,2000s,8,214,Category 4,21.3,1,57.64,0.9,1,22.35,91.83,0.5135106554453361,0.7272727272727273,0.9266666666666667,0.08175824175824176,0.025,0.5764,0.9,1,0.9981489141059554,0.6065595367652409,60.66,High,Chattogram
Chuadanga,2000s,4,84,Tropical Storm,4.2,2,43.96,0.25,0,23.63,88.83,133.27223260718276,0.36363636363636365,0.06000000000000005,0.006593406593406594,0.05,0.4396,0.25,0,0.5195847501293889,0.20545294054740443,20.55,Low,Chuadanga
Cox's Bazar,2000s,4,187,Category 3,117.5,1,35.66,0.9,1,21.4272,92.0058,0.8136577211409901,0.36363636363636365,0.7466666666666668,0.5046153846153847,0.025,0.3566,0.9,1,0.9970669540851526,0.5663544576462775,56.64,High,Cox's Bazar
Cumilla,2000s,6,134,Category 1,10.3,4,62.52,0.55,0,23.46,91.18,35.211924425253166,0.5454545454545454,0.3933333333333334,0.03340659340659341,0.1,0.6252,0.55,0,0.8730692422551091,0.39315609505468174,39.32,Medium,Cumilla
Dhaka,2000s,1,104,Tropical Storm,19.3,0,4.72,0.25,0,23.8103,90.4125,22.812268436942265,0.09090909090909091,0.19333333333333336,0.07296703296703297,0.0,0.0472,0.25,0,0.9177671040181973,0.1875781289832383,18.76,Low,Dhaka
Dinajpur,2000s,1,108,Tropical Storm,6.9,4,38.42,0.25,0,25.625,88.65,277.4104956973714,0.09090909090909091,0.22000000000000008,0.018461538461538463,0.1,0.38420000000000004,0.25,0,0.0,0.14032559440559442,14.03,Low,Dinajpur
Faridpur,2000s,0,111,Tropical Storm,27.1,1,25.95,0.25,0,23.607,89.8429,33.59870525010296,0.0,0.2400000000000001,0.10725274725274725,0.025,0.2595,0.25,0,0.8788845203364044,0.20717636412155255,20.72,Low,Faridpur
Feni,2000s,5,190,Category 3,60.6,1,49.87,0.9,1,23.02,91.4,4.339493225332895,0.4545454545454546,0.7666666666666668,0.25450549450549453,0.025,0.4987,0.9,1,0.9843571411585419,0.5584133564734967,55.84,High,Feni
Gaibandha,2000s,2,106,Tropical Storm,53.2,0,16.33,0.25,0,25.33,89.55,205.18064883903156,0.18181818181818182,0.20666666666666667,0.221978021978022,0.0,0.16329999999999997,0.25,0,0.26037171620620936,0.1714366021900515,17.14,Low,Gaibandha
Gazipur,2000s,5,126,Category 1,22.7,2,47.8,0.6,1,24.0,90.4167,31.69305148840342,0.4545454545454546,0.3400000000000001,0.0879120879120879,0.05,0.478,0.6,1,0.8857539567537577,0.41624402704400715,41.62,Medium,Gazipur
Gopalganj,2000s,6,151,Category 1,37.4,5,19.88,0.6,1,23.02,89.83,42.35917897743101,0.5454545454545454,0.5066666666666668,0.1525274725274725,0.125,0.19879999999999998,0.6,1,0.8473050600665057,0.4440578087039533,44.41,Medium,Gopalganj
Habiganj,2000s,1,113,Tropical Storm,16.1,3,25.93,0.25,0,24.38,91.42,102.01272186613583,0.09090909090909091,0.2533333333333334,0.05890109890109891,0.07500000000000001,0.2593,0.25,0,0.6322679803095047,0.19837832650247894,19.84,Low,Habiganj
Jamalpur,2000s,1,115,Tropical Storm,3.7,1,25.88,0.25,0,24.923,89.9501,144.24911964095668,0.09090909090909091,0.2666666666666667,0.004395604395604394,0.025,0.2588,0.25,0,0.48001563791472834,0.16942726808717712,16.94,Low,Jamalpur
Jashore,2000s,6,146,Category 1,19.1,1,58.95,0.6,1,23.17,89.2,85.72746216922243,0.5454545454545454,0.4733333333333334,0.0720879120879121,0.025,0.5895,0.6,1,0.6909725352902906,0.4354286221603977,43.54,Medium,Jashore
Jhalokathi,2000s,10,188,Category 3,56.7,8,48.65,0.9,1,22.64,90.19,9.64399316809603,0.9090909090909092,0.7533333333333334,0.23736263736263738,0.2,0.4865,0.9,1,0.9652356586442328,0.6451415978324553,64.51,High,Jhalokathi
Jhenaidah,2000s,4,87,Tropical Storm,15.5,2,10.01,0.25,0,23.55,89.15,99.8654075414815,0.36363636363636365,0.08000000000000007,0.05626373626373626,0.05,0.1001,0.25,0,0.6400085465748736,0.19399586964250234,19.4,Low,Jhenaidah
Joypurhat,2000s,1,129,Category 1,14.2,3,8.5,0.25,0,25.1,89.02,210.057332512968,0.09090909090909091,0.3600000000000001,0.05054945054945054,0.07500000000000001,0.085,0.25,0,0.24279241135086438,0.15674802235386767,15.67,Low,Joypurhat
Khagrachhari,2000s,2,140,Category 1,8.2,3,28.06,0.5,0,23.1,91.98,44.09217167729194,0.18181818181818182,0.43333333333333335,0.024175824175824173,0.07500000000000001,0.28059999999999996,0.5,0,0.8410580264223588,0.29431490354133677,29.43,Medium,Khagrachhari
Khulna,2000s,1,197,Category 3,65.6,24,65.69,0.9,1,22.8167,89.55,51.72991900542131,0.09090909090909091,0.8133333333333335,0.2764835164835165,0.6000000000000001,0.6568999999999999,0.9,1,0.8135257324154967,0.5991514643504409,59.92,High,Khulna
Kishoreganj,2000s,2,99,Tropical Storm,33.3,0,37.31,0.25,0,24.44,90.77,83.86147523844551,0.18181818181818182,0.16000000000000003,0.13450549450549448,0.0,0.37310000000000004,0.25,0,0.6976989820531865,0.2160284496538701,21.6,Low,Kishoreganj
Kurigram,2000s,2,93,Tropical Storm,3.1,2,33.42,0.25,0,25.81,89.65,252.48924287170357,0.18181818181818182,0.12,0.0017582417582417582,0.05,0.3342,0.25,0,0.08983529178670502,0.13293999271513404,13.29,Low,Kurigram
Kushtia,2000s,6,90,Tropical Storm,8.2,5,3.62,0.25,0,23.9,89.12,114.10660835052775,0.5454545454545454,0.10000000000000009,0.024175824175824173,0.125,0.0362,0.25,0,0.5886723461429257,0.21918179005884803,21.92,Low,Kushtia
Lakshmipur,2000s,5,206,Category 3,30.8,4,43.66,0.9,1,22.95,90.83,4.291181844699926,0.4545454545454546,0.8733333333333335,0.1235164835164835,0.1,0.4366,0.9,1,0.984531292394282,0.559822419948719,55.98,High,Lakshmipur
Lalmonirhat,2000s,4,123,Category 1,26.7,0,31.06,0.25,0,25.92,89.45,265.3815664489971,0.36363636363636365,0.32000000000000006,0.10549450549450548,0.0,0.3106,0.25,0,0.043361478512683016,0.19126577822089866,19.13,Low,Lalmonirhat
Madaripur,2000s,4,146,Category 1,43.3,0,37.04,0.6,1,23.17,90.19,15.313143071993538,0.36363636363636365,0.4733333333333334,0.17846153846153845,0.0,0.3704,0.6,1,0.9447996982468222,0.4238346551393675,42.38,Medium,Madaripur
Magura,2000s,2,98,Tropical Storm,13.6,1,5.78,0.25,0,23.49,89.42,71.50195544167823,0.18181818181818182,0.15333333333333332,0.04791208791208791,0.025,0.057800000000000004,0.25,0,0.7422521622264786,0.17871475668218834,17.87,Low,Magura
Manikganj,2000s,2,114,Tropical Storm,4.9,0,28.78,0.25,0,23.86,90.0,38.02478568555899,0.18181818181818182,0.26,0.009670329670329672,0.0,0.2878,0.25,0,0.862929534839805,0.22029623020725722,22.03,Low,Manikganj
Meherpur,2000s,1,121,Category 1,5.5,0,22.6,0.25,0,23.77,88.63,148.09670694639158,0.09090909090909091,0.30666666666666675,0.012307692307692308,0.0,0.226,0.25,0,0.4661459849451728,0.1681971159770348,16.82,Low,Meherpur
Moulvibazar,2000s,1,107,Tropical Storm,12.0,6,8.76,0.25,0,24.48,91.77,137.64502113539567,0.09090909090909091,0.21333333333333337,0.04087912087912088,0.15000000000000002,0.0876,0.25,0,0.5038218695028995,0.17091041871852172,17.09,Low,Moulvibazar
Munshiganj,2000s,5,169,Category 2,25.5,2,31.04,0.6,1,23.54,90.53,0.0,0.4545454545454546,0.6266666666666667,0.10021978021978023,0.05,0.3104,0.6,1,1.0,0.4557547852147853,45.58,Medium,Munshiganj
Mymensingh,2000s,2,127,Category 1,4.7,2,18.68,0.25,0,24.7434,90.3984,114.21111300471469,0.18181818181818182,0.3466666666666667,0.008791208791208791,0.05,0.1868,0.25,0,0.5882956312896387,0.20310097172037248,20.31,Low,Mymensingh
Naogaon,2000s,1,108,Tropical Storm,7.7,2,20.77,0.25,0,24.81,88.94,189.27093647553838,0.09090909090909091,0.22000000000000008,0.021978021978021976,0.05,0.2077,0.25,0,0.31772251082376113,0.14747531801544306,14.75,Low,Naogaon
Narail,2000s,0,104,Tropical Storm,14.4,1,15.16,0.25,0,23.18,89.5,70.05451022845219,0.0,0.19333333333333336,0.05142857142857143,0.025,0.1516,0.25,0,0.7474698639200911,0.16787127210629482,16.79,Low,Narail
Narayanganj,2000s,7,185,Category 3,52.3,2,55.85,0.6,1,23.6226,90.501,3.3828178991013105,0.6363636363636364,0.7333333333333334,0.218021978021978,0.05,0.5585,0.6,1,0.9878057321133529,0.5402884153691775,54.03,High,Narayanganj
Narsingdi,2000s,2,118,Tropical Storm,11.0,3,16.38,0.25,0,23.9207,90.7188,26.18641527044252,0.18181818181818182,0.28666666666666674,0.036483516483516484,0.07500000000000001,0.1638,0.25,0,0.9056040932964216,0.2314356640748969,23.14,Low,Narsingdi
Natore,2000s,2,108,Tropical Storm,9.3,0,15.33,0.25,0,24.42,89.0,155.1596382078644,0.18181818181818182,0.22000000000000008,0.029010989010989016,0.0,0.1533,0.25,0,0.4406857685113368,0.16152295247550932,16.15,Low,Natore
Netrokona,2000s,1,118,Tropical Storm,6.2,1,8.96,0.25,0,24.88,90.73,128.35689341795188,0.09090909090909091,0.28666666666666674,0.015384615384615385,0.025,0.08960000000000001,0.25,0,0.5373033990827185,0.1628843958523278,16.29,Low,Netrokona
Nilphamari,2000s,1,102,Tropical Storm,11.4,3,12.32,0.25,0,25.95,88.85,294.2392506393151,0.09090909090909091,0.18000000000000005,0.03824175824175824,0.07500000000000001,0.1232,0.25,0,0.0,0.10744262737262739,10.74,Low,Nilphamari
Noakhali,2000s,6,173,Category 2,15.2,1,38.88,0.9,1,22.82,91.1,3.4856477682025,0.5454545454545454,0.6533333333333333,0.05494505494505494,0.025,0.38880000000000003,0.9,1,0.9874350544688655,0.5144334455068266,51.44,High,Noakhali
Pabna,2000s,0,106,Tropical Storm,11.2,2,18.48,0.25,0,24.0064,89.2493,104.88417821369146,0.0,0.20666666666666667,0.03736263736263736,0.05,0.1848,0.25,0,0.6219170512996373,0.16227610073435933,16.23,Low,Pabna
Panchagarh,2000s,2,90,Tropical Storm,16.7,0,7.71,0.25,0,26.33,88.56,344.84409227917126,0.18181818181818182,0.10000000000000009,0.061538461538461535,0.0,0.0771,0.25,0,0.0,0.0967134965034965,9.67,Low,Panchagarh
Patuakhali,2000s,8,216,Category 4,146.0,8,61.23,0.9,1,22.35,90.3,2.1604315335758786,0.7272727272727273,0.9400000000000002,0.62989010989011,0.2,0.6123,0.9,1,0.9922121492622518,0.7200256405006508,72.0,High,Patuakhali
Pirojpur,2000s,5,184,Category 3,44.2,5,23.51,0.9,1,22.58,89.98,2.5668801960927214,0.4545454545454546,0.7266666666666668,0.18241758241758244,0.125,0.2351,0.9,1,0.9907469968299507,0.5308791552274507,53.09,High,Pirojpur
Rajbari,2000s,4,129,Category 1,42.4,1,27.41,0.6,1,23.72,89.65,53.227720010614995,0.36363636363636365,0.3600000000000001,0.1745054945054945,0.025,0.2741,0.6,1,0.808126509861107,0.38669392970738947,38.67,Medium,Rajbari
Rajshahi,2000s,1,103,Tropical Storm,18.5,2,61.61,0.25,0,24.3745,88.6042,191.61681259532386,0.09090909090909091,0.18666666666666676,0.06945054945054946,0.05,0.6161,0.25,0,0.3092661756952424,0.18959056362347032,18.96,Low,Rajshahi
Rangamati,2000s,8,136,Category 1,14.6,0,41.89,0.5,0,22.65,92.17,23.00520212531517,0.7272727272727273,0.40666666666666673,0.05230769230769231,0.0,0.4189,0.5,0,0.9170716231644975,0.3865342252535127,38.65,Medium,Rangamati
Rangpur,2000s,4,96,Tropical Storm,9.6,0,35.61,0.25,0,25.7449,89.2756,254.71903611590815,0.36363636363636365,0.14,0.03032967032967033,0.0,0.35609999999999997,0.25,0,0.08179740829351134,0.16138464592425622,16.14,Low,Rangpur
Satkhira,2000s,3,171,Category 2,54.6,6,71.78,0.9,1,22.7234,89.0751,49.7815374736277,0.2727272727272727,0.6400000000000001,0.22813186813186814,0.15000000000000002,0.7178,0.9,1,0.8205491924576112,0.5324637903746322,53.25,High,Satkhira
Shariatpur,2000s,2,163,Category 2,21.6,3,22.4,0.6,1,23.22,90.35,5.633963162020451,0.18181818181818182,0.5866666666666667,0.08307692307692308,0.07500000000000001,0.22399999999999998,0.6,1,0.9796908795831338,0.3993533536925791,39.94,Medium,Shariatpur
Sherpur,2000s,4,98,Tropical Storm,38.5,0,40.84,0.25,0,25.0188,90.0175,152.90685141280642,0.36363636363636365,0.15333333333333332,0.15736263736263736,0.0,0.40840000000000004,0.25,0,0.44880653838125384,0.22437050398797556,22.44,Low,Sherpur
Sirajganj,2000s,1,104,Tropical Storm,13.4,4,6.79,0.25,0,24.45,89.71,110.26885916963853,0.09090909090909091,0.19333333333333336,0.047032967032967034,0.1,0.0679,0.25,0,0.6025065349728822,0.16923196218859693,16.92,Low,Sirajganj
Sunamganj,2000s,0,93,Tropical Storm,4.5,1,42.41,0.25,0,25.07,91.4,162.64771424666645,0.0,0.12,0.00791208791208791,0.025,0.4241,0.25,0,0.413693004520998,0.14421611363891298,14.42,Low,Sunamganj
Sylhet,2000s,2,112,Tropical Storm,22.1,0,31.17,0.25,0,24.899,91.872,179.82763831127104,0.18181818181818182,0.2466666666666667,0.0852747252747253,0.0,0.31170000000000003,0.25,0,0.3517633935976021,0.18091027542369628,18.09,Low,Sylhet
Tangail,2000s,1,116,Tropical Storm,4.6,4,12.76,0.25,0,24.25,89.9167,81.09414336217502,0.09090909090909091,0.27333333333333343,0.008351648351648349,0.1,0.1276,0.25,0,0.7076745666802706,0.19191656755713798,19.19,Low,Tangail
Thakurgaon,2000s,0,124,Category 1,24.9,1,12.08,0.25,0,26.02,88.46,323.338542995847,0.0,0.32666666666666677,0.09758241758241756,0.025,0.1208,0.25,0,0.0,0.11696736263736265,11.7,Low,Thakurgaon
Bagerhat,2010s,2,174,Category 2,75.4,3,7.75,0.9,1,22.65,89.7667,18.216448569713435,0.18181818181818182,0.6600000000000001,0.3195604395604396,0.07500000000000001,0.0775,0.9,1,0.9343339604944657,0.4716401892562398,47.16,Medium,Bagerhat
Bandarban,2010s,2,148,Category 1,11.9,2,15.42,0.5,0,22.194,92.218,23.505749307476048,0.18181818181818182,0.4866666666666667,0.04043956043956044,0.05,0.1542,0.5,0,0.9152672675617919,0.2957853880948405,29.58,Medium,Bandarban
Barguna,2010s,5,174,Category 2,21.6,3,19.14,0.9,1,22.15,90.13,0.9261178150548535,0.4545454545454546,0.6600000000000001,0.08307692307692308,0.07500000000000001,0.19140000000000001,0.9,1,0.9966615617310126,0.49469951281645796,49.47,Medium,Barguna
Barishal,2010s,7,175,Category 2,19.1,2,36.56,0.9,1,22.7,90.37,0.899381680381425,0.6363636363636364,0.6666666666666667,0.0720879120879121,0.05,0.36560000000000004,0.9,1,0.9967579392476824,0.5350035261925005,53.5,High,Barishal
Bhola,2010s,3,188,Category 3,53.2,3,38.49,0.9,1,22.69,90.65,0.0,0.2727272727272727,0.7533333333333334,0.221978021978022,0.07500000000000001,0.3849,0.9,1,1.0,0.5219457942057942,52.19,High,Bhola
Bogura,2010s,2,121,Category 1,17.1,4,36.95,0.25,0,24.85,89.37,169.40081656809386,0.18181818181818182,0.30666666666666675,0.06329670329670331,0.1,0.36950000000000005,0.25,0,0.38934964900212676,0.21115219766744545,21.12,Low,Bogura
Brahmanbaria,2010s,4,144,Category 1,10.7,2,64.5,0.55,0,23.96,91.11,53.92480009450332,0.36363636363636365,0.4600000000000001,0.03516483516483516,0.05,0.645,0.55,0,0.8056136990817746,0.3638815497283573,36.39,Medium,Brahmanbaria
Chandpur,2010s,4,185,Category 3,18.7,10,45.62,0.9,1,23.23,90.65,0.6753323067304762,0.36363636363636365,0.7333333333333334,0.07032967032967033,0.25,0.4562,0.9,1,0.9975655848743834,0.5429714635823435,54.3,High,Chandpur
Chapainawabganj,2010s,0,120,Category 1,10.4,3,27.36,0.25,0,24.6,88.27,224.03568032443172,0.0,0.30000000000000004,0.033846153846153845,0.07500000000000001,0.2736,0.25,0,0.19240373454062298,0.14542729653098538,14.54,Low,Chapainawabganj
Chattogram,2010s,2,199,Category 3,88.5,3,52.38,0.9,1,22.35,91.83,0.5135106554453361,0.18181818181818182,0.8266666666666667,0.37714285714285717,0.07500000000000001,0.5238,0.9,1,0.9981489141059554,0.5562890472547515,55.63,High,Chattogram
Chuadanga,2010s,2,111,Tropical Storm,8.1,2,43.29,0.25,0,23.63,88.83,133.27223260718276,0.18181818181818182,0.2400000000000001,0.02373626373626373,0.05,0.4329,0.25,0,0.5195847501293889,0.20708164184610572,20.71,Low,Chuadanga
Cox's Bazar,2010s,4,187,Category 3,19.5,0,71.79,0.9,1,21.4272,92.0058,0.8136577211409901,0.36363636363636365,0.7466666666666668,0.07384615384615384,0.0,0.7179000000000001,0.9,1,0.9970669540851526,0.5341190730308929,53.41,High,Cox's Bazar
Cumilla,2010s,5,149,Category 1,13.3,1,35.84,0.55,0,23.46,91.18,35.211924425253166,0.4545454545454546,0.4933333333333334,0.0465934065934066,0.025,0.35840000000000005,0.55,0,0.8730692422551091,0.3585677533963401,35.86,Medium,Cumilla
Dhaka,2010s,1,105,Tropical Storm,11.5,0,27.94,0.25,0,23.8103,90.4125,22.812268436942265,0.09090909090909091,0.20000000000000007,0.03868131868131868,0.0,0.27940000000000004,0.25,0,0.9177671040181973,0.20665527184038118,20.67,Low,Dhaka
Dinajpur,2010s,0,108,Tropical Storm,18.2,0,19.92,0.25,0,25.625,88.65,277.4104956973714,0.0,0.22000000000000008,0.06813186813186814,0.0,0.19920000000000002,0.25,0,0.0,0.10063978021978023,10.06,Low,Dinajpur
Faridpur,2010s,1,101,Tropical Storm,16.8,5,5.3,0.25,0,23.607,89.8429,33.59870525010296,0.09090909090909091,0.17333333333333334,0.061978021978021984,0.125,0.053,0.25,0,0.8788845203364044,0.19837151896670735,19.84,Low,Faridpur
Feni,2010s,3,187,Category 3,33.0,0,51.81,0.9,1,23.02,91.4,4.339493225332895,0.2727272727272727,0.7466666666666668,0.1331868131868132,0.0,0.5181,0.9,1,0.9843571411585419,0.5081328270029671,50.81,High,Feni
Gaibandha,2010s,1,104,Tropical Storm,18.1,3,26.27,0.25,0,25.33,89.55,205.18064883903156,0.09090909090909091,0.19333333333333336,0.06769230769230769,0.07500000000000001,0.2627,0.25,0,0.26037171620620936,0.15384738141083074,15.38,Low,Gaibandha
Gazipur,2010s,0,146,Category 1,20.4,2,48.12,0.6,1,24.0,90.4167,31.69305148840342,0.0,0.4733333333333334,0.0778021978021978,0.05,0.48119999999999996,0.6,1,0.8857539567537577,0.36686572534570544,36.69,Medium,Gazipur
Gopalganj,2010s,3,169,Category 2,35.6,6,66.67,0.6,1,23.02,89.83,42.35917897743101,0.2727272727272727,0.6266666666666667,0.14461538461538462,0.15000000000000002,0.6667000000000001,0.6,1,0.8473050600665057,0.4705019046080492,47.05,Medium,Gopalganj
Habiganj,2010s,3,95,Tropical Storm,26.5,0,73.52,0.25,0,24.38,91.42,102.01272186613583,0.2727272727272727,0.13333333333333341,0.10461538461538461,0.0,0.7352,0.25,0,0.6322679803095047,0.2508481966323491,25.08,Medium,Habiganj
Jamalpur,2010s,1,107,Tropical Storm,20.9,5,7.86,0.25,0,24.923,89.9501,144.24911964095668,0.09090909090909091,0.21333333333333337,0.07999999999999999,0.125,0.0786,0.25,0,0.48001563791472834,0.16974792742783648,16.97,Low,Jamalpur
Jashore,2010s,3,155,Category 2,9.7,3,22.26,0.6,1,23.17,89.2,85.72746216922243,0.2727272727272727,0.5333333333333334,0.030769230769230764,0.07500000000000001,0.22260000000000002,0.6,1,0.6909725352902906,0.3681317290535046,36.81,Medium,Jashore
Jhalokathi,2010s,4,182,Category 3,43.8,8,53.38,0.9,1,22.64,90.19,9.64399316809603,0.36363636363636365,0.7133333333333334,0.18065934065934064,0.2,0.5338,0.9,1,0.9652356586442328,0.553547921508779,55.35,High,Jhalokathi
Jhenaidah,2010s,1,111,Tropical Storm,30.6,0,9.6,0.25,0,23.55,89.15,99.8654075414815,0.09090909090909091,0.2400000000000001,0.12263736263736263,0.0,0.096,0.25,0,0.6400085465748736,0.1791328226894554,17.91,Low,Jhenaidah
Joypurhat,2010s,1,119,Category 1,18.7,3,31.34,0.25,0,25.1,89.02,210.057332512968,0.09090909090909091,0.29333333333333333,0.07032967032967033,0.07500000000000001,0.3134,0.25,0,0.24279241135086438,0.17255505532090062,17.26,Low,Joypurhat
Khagrachhari,2010s,6,124,Category 1,18.1,1,53.79,0.5,0,23.1,91.98,44.09217167729194,0.5454545454545454,0.32666666666666677,0.06769230769230769,0.025,0.5379,0.5,0,0.8410580264223588,0.3576178306142639,35.76,Medium,Khagrachhari
Khulna,2010s,5,166,Category 2,21.0,9,29.03,0.9,1,22.8167,89.55,51.72991900542131,0.4545454545454546,0.6066666666666667,0.08043956043956044,0.225,0.2903,0.9,1,0.8135257324154967,0.500380325489302,50.04,High,Khulna
Kishoreganj,2010s,0,119,Category 1,40.7,2,11.11,0.25,0,24.44,90.77,83.86147523844551,0.0,0.29333333333333333,0.16703296703296705,0.05,0.11109999999999999,0.25,0,0.6976989820531865,0.1949348432602637,19.49,Low,Kishoreganj
Kurigram,2010s,3,99,Tropical Storm,12.3,0,27.83,0.25,0,25.81,89.65,252.48924287170357,0.2727272727272727,0.16000000000000003,0.0421978021978022,0.0,0.2783,0.25,0,0.08983529178670502,0.14555229041743176,14.56,Low,Kurigram
Kushtia,2010s,0,110,Tropical Storm,29.8,1,21.09,0.25,0,23.9,89.12,114.10660835052775,0.0,0.2333333333333334,0.11912087912087913,0.025,0.2109,0.25,0,0.5886723461429257,0.17407536648242444,17.41,Low,Kushtia
Lakshmipur,2010s,7,189,Category 3,63.3,4,35.17,0.9,1,22.95,90.83,4.291181844699926,0.6363636363636364,0.76,0.2663736263736264,0.1,0.3517,0.9,1,0.984531292394282,0.5830337186500176,58.3,High,Lakshmipur
Lalmonirhat,2010s,0,117,Tropical Storm,7.0,5,13.66,0.25,0,25.92,89.45,265.3815664489971,0.0,0.28,0.018901098901098902,0.125,0.1366,0.25,0,0.043361478512683016,0.11908131268643314,11.91,Low,Lalmonirhat
Madaripur,2010s,5,159,Category 2,41.4,1,54.09,0.6,1,23.17,90.19,15.313143071993538,0.4545454545454546,0.56,0.17010989010989008,0.025,0.5409,0.6,1,0.9447996982468222,0.47001827152298387,47.0,Medium,Madaripur
Magura,2010s,1,84,Tropical Storm,15.9,2,32.24,0.25,0,23.49,89.42,71.50195544167823,0.09090909090909091,0.06000000000000005,0.058021978021978025,0.05,0.3224,0.25,0,0.7422521622264786,0.1828048765623082,18.28,Low,Magura
Manikganj,2010s,2,106,Tropical Storm,18.8,6,25.15,0.25,0,23.86,90.0,38.02478568555899,0.18181818181818182,0.20666666666666667,0.07076923076923078,0.15000000000000002,0.2515,0.25,0,0.862929534839805,0.2403310653720924,24.03,Low,Manikganj
Meherpur,2010s,2,91,Tropical Storm,6.1,1,45.03,0.25,0,23.77,88.63,148.09670694639158,0.18181818181818182,0.10666666666666669,0.014945054945054943,0.025,0.45030000000000003,0.25,0,0.4661459849451728,0.1784090840090028,17.84,Low,Meherpur
Moulvibazar,2010s,5,108,Tropical Storm,26.0,1,25.46,0.25,0,24.48,91.77,137.64502113539567,0.4545454545454546,0.22000000000000008,0.10241758241758242,0.025,0.2546,0.25,0,0.5038218695028995,0.23363664249474553,23.36,Low,Moulvibazar
Munshiganj,2010s,2,150,Category 1,28.8,1,44.64,0.6,1,23.54,90.53,0.0,0.18181818181818182,0.5,0.11472527472527472,0.025,0.4464,0.6,1,1.0,0.4078715184815185,40.79,Medium,Munshiganj
Mymensingh,2010s,1,118,Tropical Storm,8.6,0,29.25,0.25,0,24.7434,90.3984,114.21111300471469,0.09090909090909091,0.28666666666666674,0.025934065934065935,0.0,0.2925,0.25,0,0.5882956312896387,0.1861060366554374,18.61,Low,Mymensingh
Naogaon,2010s,1,106,Tropical Storm,19.3,0,11.07,0.25,0,24.81,88.94,189.27093647553838,0.09090909090909091,0.20666666666666667,0.07296703296703297,0.0,0.1107,0.25,0,0.31772251082376113,0.13592366966379468,13.59,Low,Naogaon
Narail,2010s,2,117,Tropical Storm,5.0,3,21.55,0.25,0,23.18,89.5,70.05451022845219,0.18181818181818182,0.28,0.010109890109890107,0.07500000000000001,0.2155,0.25,0,0.7474698639200911,0.2158361971812199,21.58,Low,Narail
Narayanganj,2010s,3,172,Category 2,12.1,4,25.88,0.6,1,23.6226,90.501,3.3828178991013105,0.2727272727272727,0.6466666666666667,0.04131868131868131,0.1,0.2588,0.6,1,0.9878057321133529,0.42376746631822837,42.38,Medium,Narayanganj
Narsingdi,2010s,2,113,Tropical Storm,8.4,1,3.39,0.25,0,23.9207,90.7188,26.18641527044252,0.18181818181818182,0.2533333333333334,0.025054945054945058,0.025,0.0339,0.25,0,0.9056040932964216,0.2042313783606112,20.42,Low,Narsingdi
Natore,2010s,3,118,Tropical Storm,16.1,0,22.32,0.25,0,24.42,89.0,155.1596382078644,0.2727272727272727,0.28666666666666674,0.05890109890109891,0.0,0.2232,0.25,0,0.4406857685113368,0.19663283259538944,19.66,Low,Natore
Netrokona,2010s,0,102,Tropical Storm,33.5,1,68.55,0.25,0,24.88,90.73,128.35689341795188,0.0,0.18000000000000005,0.13538461538461538,0.025,0.6855,0.25,0,0.5373033990827185,0.21083803221596417,21.08,Low,Netrokona
Nilphamari,2010s,2,110,Tropical Storm,9.4,1,26.31,0.25,0,25.95,88.85,294.2392506393151,0.18181818181818182,0.2333333333333334,0.02945054945054945,0.025,0.2631,0.25,0,0.0,0.1342503096903097,13.43,Low,Nilphamari
Noakhali,2010s,2,178,Category 3,71.5,2,37.76,0.9,1,22.82,91.1,3.4856477682025,0.18181818181818182,0.6866666666666668,0.30241758241758243,0.05,0.3776,0.9,1,0.9874350544688655,0.5046388700822513,50.46,High,Noakhali
Pabna,2010s,2,104,Tropical Storm,9.2,1,48.67,0.25,0,24.0064,89.2493,104.88417821369146,0.18181818181818182,0.19333333333333336,0.028571428571428567,0.025,0.4867,0.25,0,0.6219170512996373,0.21267014668840528,21.27,Low,Pabna
Panchagarh,2010s,0,121,Category 1,8.3,1,16.94,0.25,0,26.33,88.56,344.84409227917126,0.0,0.30666666666666675,0.024615384615384615,0.025,0.16940000000000002,0.25,0,0.0,0.10788230769230772,10.79,Low,Panchagarh
Patuakhali,2010s,6,199,Category 3,26.3,6,33.26,0.9,1,22.35,90.3,2.1604315335758786,0.5454545454545454,0.8266666666666667,0.10373626373626374,0.15000000000000002,0.3326,0.9,1,0.9922121492622518,0.5613598363048465,56.14,High,Patuakhali
Pirojpur,2010s,0,194,Category 3,30.8,0,39.32,0.9,1,22.58,89.98,2.5668801960927214,0.0,0.7933333333333334,0.1235164835164835,0.0,0.3932,0.9,1,0.9907469968299507,0.4609221722104676,46.09,Medium,Pirojpur
Rajbari,2010s,4,147,Category 1,22.3,6,30.32,0.6,1,23.72,89.65,53.227720010614995,0.36363636363636365,0.4800000000000001,0.08615384615384616,0.15000000000000002,0.3032,0.6,1,0.808126509861107,0.4131011824546422,41.31,Medium,Rajbari
Rajshahi,2010s,0,133,Category 1,18.5,4,29.14,0.25,0,24.3745,88.6042,191.61681259532386,0.0,0.3866666666666667,0.06945054945054946,0.1,0.2914,0.25,0,0.3092661756952424,0.18098419998710666,18.1,Low,Rajshahi
Rangamati,2010s,5,153,Category 1,75.1,0,23.2,0.5,0,22.65,92.17,23.00520212531517,0.4545454545454546,0.52,0.3182417582417582,0.0,0.23199999999999998,0.5,0,0.9170716231644975,0.3838252442345317,38.38,Medium,Rangamati
Rangpur,2010s,2,93,Tropical Storm,15.2,1,10.66,0.25,0,25.7449,89.2756,254.71903611590815,0.18181818181818182,0.12,0.05494505494505494,0.025,0.1066,0.25,0,0.08179740829351134,0.11360422634383666,11.36,Low,Rangpur
Satkhira,2010s,5,225,Category 4,56.4,2,33.22,0.9,1,22.7234,89.0751,49.7815374736277,0.4545454545454546,1.0,0.23604395604395603,0.05,0.3322,0.9,1,0.8205491924576112,0.5613633308341727,56.14,High,Satkhira
Shariatpur,2010s,3,158,Category 2,12.1,3,21.93,0.6,1,23.22,90.35,5.633963162020451,0.2727272727272727,0.5533333333333335,0.04131868131868131,0.07500000000000001,0.2193,0.6,1,0.9796908795831338,0.4012559810652065,40.13,Medium,Shariatpur
Sherpur,2010s,0,106,Tropical Storm,12.1,1,30.74,0.25,0,25.0188,90.0175,152.90685141280642,0.0,0.20666666666666667,0.04131868131868131,0.025,0.3074,0.25,0,0.44880653838125384,0.1540684560359276,15.41,Low,Sherpur
Sirajganj,2010s,2,120,Category 1,3.5,6,46.49,0.25,0,24.45,89.71,110.26885916963853,0.18181818181818182,0.30000000000000004,0.0035164835164835165,0.15000000000000002,0.46490000000000004,0.25,0,0.6025065349728822,0.23954085329748803,23.95,Low,Sirajganj
Sunamganj,2010s,1,114,Tropical Storm,12.7,2,60.68,0.25,0,25.07,91.4,162.64771424666645,0.09090909090909091,0.26,0.04395604395604395,0.05,0.6068,0.25,0,0.413693004520998,0.20627907068187004,20.63,Low,Sunamganj
Sylhet,2010s,3,108,Tropical Storm,16.1,1,18.96,0.25,0,24.899,91.872,179.82763831127104,0.2727272727272727,0.22000000000000008,0.05890109890109891,0.025,0.18960000000000002,0.25,0,0.3517633935976021,0.17813059510401597,17.81,Low,Sylhet
Tangail,2010s,0,125,Category 1,5.2,3,10.22,0.25,0,24.25,89.9167,81.09414336217502,0.0,0.33333333333333337,0.010989010989010988,0.07500000000000001,0.10220000000000001,0.25,0,0.7076745666802706,0.18138580831637874,18.14,Low,Tangail
Thakurgaon,2010s,2,108,Tropical Storm,25.1,2,23.03,0.25,0,26.02,88.46,323.338542995847,0.18181818181818182,0.22000000000000008,0.09846153846153846,0.05,0.2303,0.25,0,0.0,0.14307195804195805,14.31,Low,Thakurgaon
Bagerhat,2020s,3,189,Category 3,19.2,2,54.85,0.9,1,22.65,89.7667,18.216448569713435,0.2727272727272727,0.76,0.07252747252747252,0.05,0.5485,0.9,1,0.9343339604944657,0.5065716078376584,50.66,High,Bagerhat
Bandarban,2020s,2,139,Category 1,21.0,0,32.45,0.5,0,22.194,92.218,23.505749307476048,0.18181818181818182,0.42666666666666675,0.08043956043956044,0.0,0.3245,0.5,0,0.9152672675617919,0.30231538809484054,30.23,Medium,Bandarban
Barguna,2020s,6,183,Category 3,53.1,1,48.92,0.9,1,22.15,90.13,0.9261178150548535,0.5454545454545454,0.72,0.22153846153846155,0.025,0.4892,0.9,1,0.9966615617310126,0.5603851072220523,56.04,High,Barguna
Barishal,2020s,3,185,Category 3,41.5,1,53.65,0.9,1,22.7,90.37,0.899381680381425,0.2727272727272727,0.7333333333333334,0.17054945054945053,0.025,0.5365,0.9,1,0.9967579392476824,0.5185673024162768,51.86,High,Barishal
Bhola,2020s,5,185,Category 3,11.1,5,48.93,0.9,1,22.69,90.65,0.0,0.4545454545454546,0.7333333333333334,0.03692307692307692,0.125,0.4893,0.9,1,1.0,0.5364002797202797,53.64,High,Bhola
Bogura,2020s,5,108,Tropical Storm,20.4,1,14.25,0.25,0,24.85,89.37,169.40081656809386,0.4545454545454546,0.22000000000000008,0.0778021978021978,0.025,0.1425,0.25,0,0.38934964900212676,0.20728711275236056,20.73,Low,Bogura
Brahmanbaria,2020s,3,145,Category 1,21.7,4,22.93,0.55,0,23.96,91.11,53.92480009450332,0.2727272727272727,0.4666666666666667,0.08351648351648353,0.1,0.2293,0.55,0,0.8056136990817746,0.3244279333447409,32.44,Medium,Brahmanbaria
Chandpur,2020s,10,179,Category 3,15.8,2,39.75,0.9,1,23.23,90.65,0.6753323067304762,0.9090909090909092,0.6933333333333334,0.05758241758241759,0.05,0.3975,0.9,1,0.9975655848743834,0.5810075574884374,58.1,High,Chandpur
Chapainawabganj,2020s,2,104,Tropical Storm,10.0,4,41.79,0.25,0,24.6,88.27,224.03568032443172,0.18181818181818182,0.19333333333333336,0.032087912087912084,0.1,0.4179,0.25,0,0.19240373454062298,0.17461628753997638,17.46,Low,Chapainawabganj
Chattogram,2020s,4,202,Category 3,11.6,7,35.99,0.9,1,22.35,91.83,0.5135106554453361,0.36363636363636365,0.8466666666666667,0.039120879120879117,0.17500000000000002,0.3599,0.9,1,0.9981489141059554,0.5344684778241819,53.45,High,Chattogram
Chuadanga,2020s,1,113,Tropical Storm,4.6,1,30.09,0.25,0,23.63,88.83,133.27223260718276,0.09090909090909091,0.2533333333333334,0.008351648351648349,0.025,0.3009,0.25,0,0.5195847501293889,0.1761875859020498,17.62,Low,Chuadanga
Cox's Bazar,2020s,7,208,Category 3,52.4,3,74.62,0.9,1,21.4272,92.0058,0.8136577211409901,0.6363636363636364,0.8866666666666667,0.21846153846153846,0.07500000000000001,0.7462000000000001,0.9,1,0.9970669540851526,0.6318004716322916,63.18,High,Cox's Bazar
Cumilla,2020s,3,152,Category 1,11.5,1,34.63,0.55,0,23.46,91.18,35.211924425253166,0.2727272727272727,0.5133333333333334,0.03868131868131868,0.025,0.34630000000000005,0.55,0,0.8730692422551091,0.3318982129367996,33.19,Medium,Cumilla
Dhaka,2020s,2,110,Tropical Storm,16.9,2,42.92,0.25,0,23.8103,90.4125,22.812268436942265,0.18181818181818182,0.2333333333333334,0.062417582417582405,0.05,0.4292,0.25,0,0.9177671040181973,0.25133207503718435,25.13,Medium,Dhaka
Dinajpur,2020s,4,108,Tropical Storm,4.4,1,48.72,0.25,0,25.625,88.65,277.4104956973714,0.36363636363636365,0.22000000000000008,0.007472527472527472,0.025,0.48719999999999997,0.25,0,0.0,0.17863633366633366,17.86,Low,Dinajpur
Faridpur,2020s,1,102,Tropical Storm,10.4,2,52.11,0.25,0,23.607,89.8429,33.59870525010296,0.09090909090909091,0.18000000000000005,0.033846153846153845,0.05,0.5211,0.25,0,0.8788845203364044,0.2307117387469272,23.07,Low,Faridpur
Feni,2020s,3,208,Category 3,73.0,1,41.92,0.9,1,23.02,91.4,4.339493225332895,0.2727272727272727,0.8866666666666667,0.30901098901098906,0.025,0.4192,0.9,1,0.9843571411585419,0.5493664533765934,54.94,High,Feni
Gaibandha,2020s,2,122,Category 1,7.0,1,48.82,0.25,0,25.33,89.55,205.18064883903156,0.18181818181818182,0.31333333333333335,0.018901098901098902,0.025,0.4882,0.25,0,0.26037171620620936,0.19321506372851305,19.32,Low,Gaibandha
Gazipur,2020s,1,145,Category 1,23.1,3,46.14,0.6,1,24.0,90.4167,31.69305148840342,0.09090909090909091,0.4666666666666667,0.08967032967032967,0.07500000000000001,0.46140000000000003,0.6,1,0.8857539567537577,0.38305230876228885,38.31,Medium,Gazipur
Gopalganj,2020s,3,163,Category 2,20.9,0,51.92,0.6,1,23.02,89.83,42.35917897743101,0.2727272727272727,0.5866666666666667,0.07999999999999999,0.0,0.5192,0.6,1,0.8473050600665057,0.4175595969157415,41.76,Medium,Gopalganj
Habiganj,2020s,1,106,Tropical Storm,17.9,2,20.0,0.25,0,24.38,91.42,102.01272186613583,0.09090909090909091,0.20666666666666667,0.06681318681318679,0.05,0.2,0.25,0,0.6322679803095047,0.18288513968929215,18.29,Low,Habiganj
Jamalpur,2020s,3,92,Tropical Storm,4.7,10,5.38,0.25,0,24.923,89.9501,144.24911964095668,0.2727272727272727,0.1133333333333334,0.008791208791208791,0.25,0.0538,0.25,0,0.48001563791472834,0.18760933601924507,18.76,Low,Jamalpur
Jashore,2020s,2,149,Category 1,14.2,2,39.55,0.6,1,23.17,89.2,85.72746216922243,0.18181818181818182,0.4933333333333334,0.05054945054945054,0.05,0.39549999999999996,0.6,1,0.6909725352902906,0.3650023983841739,36.5,Medium,Jashore
Jhalokathi,2020s,1,186,Category 3,15.9,2,36.54,0.9,1,22.64,90.19,9.64399316809603,0.09090909090909091,0.74,0.058021978021978025,0.05,0.3654,0.9,1,0.9652356586442328,0.45890322620408364,45.89,Medium,Jhalokathi
Jhenaidah,2020s,2,110,Tropical Storm,15.4,2,8.39,0.25,0,23.55,89.15,99.8654075414815,0.18181818181818182,0.2333333333333334,0.05582417582417582,0.05,0.0839,0.25,0,0.6400085465748736,0.18803720830384102,18.8,Low,Jhenaidah
Joypurhat,2020s,1,118,Tropical Storm,14.0,1,25.88,0.25,0,25.1,89.02,210.057332512968,0.09090909090909091,0.28666666666666674,0.04967032967032967,0.025,0.2588,0.25,0,0.24279241135086438,0.15549615422199956,15.55,Low,Joypurhat
Khagrachhari,2020s,1,130,Category 1,28.1,4,24.18,0.5,0,23.1,91.98,44.09217167729194,0.09090909090909091,0.3666666666666667,0.11164835164835166,0.1,0.2418,0.5,0,0.8410580264223588,0.28366941902585224,28.37,Medium,Khagrachhari
Khulna,2020s,6,205,Category 3,20.1,6,51.01,0.9,1,22.8167,89.55,51.72991900542131,0.5454545454545454,0.8666666666666667,0.07648351648351648,0.15000000000000002,0.5101,0.9,1,0.8135257324154967,0.5631532825322589,56.32,High,Khulna
Kishoreganj,2020s,3,131,Category 1,14.9,0,29.54,0.25,0,24.44,90.77,83.86147523844551,0.2727272727272727,0.3733333333333334,0.05362637362637363,0.0,0.2954,0.25,0,0.6976989820531865,0.24176294515836563,24.18,Low,Kishoreganj
Kurigram,2020s,1,102,Tropical Storm,6.9,1,41.17,0.25,0,25.81,89.65,252.48924287170357,0.09090909090909091,0.18000000000000005,0.018461538461538463,0.025,0.4117,0.25,0,0.08983529178670502,0.13480912358426494,13.48,Low,Kurigram
Kushtia,2020s,2,85,Tropical Storm,8.7,0,58.3,0.25,0,23.9,89.12,114.10660835052775,0.18181818181818182,0.06666666666666665,0.02637362637362637,0.0,0.583,0.25,0,0.5886723461429257,0.1958960058430638,19.59,Low,Kushtia
Lakshmipur,2020s,2,212,Category 4,56.3,11,48.35,0.9,1,22.95,90.83,4.291181844699926,0.18181818181818182,0.9133333333333333,0.23560439560439558,0.275,0.48350000000000004,0.9,1,0.984531292394282,0.5726665158528148,57.27,High,Lakshmipur
Lalmonirhat,2020s,3,101,Tropical Storm,26.2,1,49.54,0.25,0,25.92,89.45,265.3815664489971,0.2727272727272727,0.17333333333333334,0.10329670329670329,0.025,0.4954,0.25,0,0.043361478512683016,0.1775297442548647,17.75,Low,Lalmonirhat
Madaripur,2020s,4,142,Category 1,20.4,1,28.02,0.6,1,23.17,90.19,15.313143071993538,0.36363636363636365,0.44666666666666677,0.0778021978021978,0.025,0.2802,0.6,1,0.9447996982468222,0.3994657540404664,39.95,Medium,Madaripur
Magura,2020s,1,96,Tropical Storm,25.9,2,3.56,0.25,0,23.49,89.42,71.50195544167823,0.09090909090909091,0.14,0.10197802197802197,0.05,0.0356,0.25,0,0.7422521622264786,0.1727182831557148,17.27,Low,Magura
Manikganj,2020s,2,111,Tropical Storm,12.2,1,36.17,0.25,0,23.86,90.0,38.02478568555899,0.18181818181818182,0.2400000000000001,0.041758241758241756,0.025,0.3617,0.25,0,0.862929534839805,0.23324941702044405,23.32,Low,Manikganj
Meherpur,2020s,2,107,Tropical Storm,16.1,2,29.68,0.25,0,23.77,88.63,148.09670694639158,0.18181818181818182,0.21333333333333337,0.05890109890109891,0.05,0.2968,0.25,0,0.4661459849451728,0.18940249060240938,18.94,Low,Meherpur
Moulvibazar,2020s,0,103,Tropical Storm,14.9,1,8.95,0.25,0,24.48,91.77,137.64502113539567,0.0,0.18666666666666676,0.05362637362637363,0.025,0.0895,0.25,0,0.5038218695028995,0.13662614299424602,13.66,Low,Moulvibazar
Munshiganj,2020s,2,149,Category 1,30.5,8,15.53,0.6,1,23.54,90.53,0.0,0.18181818181818182,0.4933333333333334,0.12219780219780219,0.2,0.1553,0.6,1,1.0,0.4051323976023976,40.51,Medium,Munshiganj
Mymensingh,2020s,3,99,Tropical Storm,22.4,2,34.98,0.25,0,24.7434,90.3984,114.21111300471469,0.2727272727272727,0.16000000000000003,0.08659340659340659,0.05,0.34979999999999994,0.25,0,0.5882956312896387,0.21670766502706576,21.67,Low,Mymensingh
Naogaon,2020s,2,89,Tropical Storm,11.3,4,22.8,0.25,0,24.81,88.94,189.27093647553838,0.18181818181818182,0.09333333333333338,0.037802197802197804,0.1,0.228,0.25,0,0.31772251082376113,0.15401530802543306,15.4,Low,Naogaon
Narail,2020s,1,105,Tropical Storm,16.7,2,12.87,0.25,0,23.18,89.5,70.05451022845219,0.09090909090909091,0.20000000000000007,0.061538461538461535,0.05,0.12869999999999998,0.25,0,0.7474698639200911,0.185484119259142,18.55,Low,Narail
Narayanganj,2020s,4,154,Category 2,15.1,0,54.55,0.6,1,23.6226,90.501,3.3828178991013105,0.36363636363636365,0.5266666666666668,0.0545054945054945,0.0,0.5455,0.6,1,0.9878057321133529,0.4350518519326141,43.51,Medium,Narayanganj
Narsingdi,2020s,1,109,Tropical Storm,7.7,2,21.38,0.25,0,23.9207,90.7188,26.18641527044252,0.09090909090909091,0.22666666666666668,0.021978021978021976,0.05,0.2138,0.25,0,0.9056040932964216,0.20787347626270908,20.79,Low,Narsingdi
Natore,2020s,0,104,Tropical Storm,10.1,0,25.12,0.25,0,24.42,89.0,155.1596382078644,0.0,0.19333333333333336,0.032527472527472526,0.0,0.25120000000000003,0.25,0,0.4406857685113368,0.14056769773025457,14.06,Low,Natore
Netrokona,2020s,2,116,Tropical Storm,6.4,2,21.24,0.25,0,24.88,90.73,128.35689341795188,0.18181818181818182,0.27333333333333343,0.016263736263736263,0.05,0.21239999999999998,0.25,0,0.5373033990827185,0.19068262762055957,19.07,Low,Netrokona
Nilphamari,2020s,1,113,Tropical Storm,4.8,4,24.1,0.25,0,25.95,88.85,294.2392506393151,0.09090909090909091,0.2533333333333334,0.00923076923076923,0.1,0.24100000000000002,0.25,0,0.0,0.12962097902097905,12.96,Low,Nilphamari
Noakhali,2020s,3,183,Category 3,36.1,3,41.69,0.9,1,22.82,91.1,3.4856477682025,0.2727272727272727,0.72,0.1468131868131868,0.07500000000000001,0.4169,0.9,1,0.9874350544688655,0.5076145743779555,50.76,High,Noakhali
Pabna,2020s,1,94,Tropical Storm,17.1,3,20.87,0.25,0,24.0064,89.2493,104.88417821369146,0.09090909090909091,0.1266666666666667,0.06329670329670331,0.07500000000000001,0.2087,0.25,0,0.6219170512996373,0.17394257426083287,17.39,Low,Pabna
Panchagarh,2020s,2,102,Tropical Storm,14.6,5,14.13,0.25,0,26.33,88.56,344.84409227917126,0.18181818181818182,0.18000000000000005,0.05230769230769231,0.125,0.1413,0.25,0,0.0,0.13249888111888114,13.25,Low,Panchagarh
Patuakhali,2020s,5,182,Category 3,24.4,8,38.65,0.9,1,22.35,90.3,2.1604315335758786,0.4545454545454546,0.7133333333333334,0.09538461538461537,0.2,0.3865,0.9,1,0.9922121492622518,0.5423607254157357,54.24,High,Patuakhali
Pirojpur,2020s,3,177,Category 2,55.1,1,28.28,0.9,1,22.58,89.98,2.5668801960927214,0.2727272727272727,0.6800000000000002,0.23032967032967033,0.025,0.2828,0.9,1,0.9907469968299507,0.49356324114153655,49.36,Medium,Pirojpur
Rajbari,2020s,1,136,Category 1,34.0,0,37.38,0.6,1,23.72,89.65,53.227720010614995,0.09090909090909091,0.40666666666666673,0.13758241758241757,0.0,0.3738,0.6,1,0.808126509861107,0.353466377259837,35.35,Medium,Rajbari
Rajshahi,2020s,4,134,Category 1,12.0,4,16.34,0.25,0,24.3745,88.6042,191.61681259532386,0.36363636363636365,0.3933333333333334,0.04087912087912088,0.1,0.1634,0.25,0,0.3092661756952424,0.21944394024684694,21.94,Low,Rajshahi
Rangamati,2020s,4,145,Category 1,19.2,2,46.61,0.5,0,22.65,92.17,23.00520212531517,0.36363636363636365,0.4666666666666667,0.07252747252747252,0.05,0.4661,0.5,0,0.9170716231644975,0.3562417377410252,35.62,Medium,Rangamati
Rangpur,2020s,2,104,Tropical Storm,36.0,5,42.9,0.25,0,25.7449,89.2756,254.71903611590815,0.18181818181818182,0.19333333333333336,0.14637362637362636,0.125,0.429,0.25,0,0.08179740829351134,0.18555851205812238,18.56,Low,Rangpur
Satkhira,2020s,7,177,Category 2,36.6,1,37.1,0.9,1,22.7234,89.0751,49.7815374736277,0.6363636363636364,0.6800000000000002,0.149010989010989,0.025,0.371,0.9,1,0.8205491924576112,0.527711113051955,52.77,High,Satkhira
Shariatpur,2020s,3,150,Category 1,23.4,4,25.37,0.6,1,23.22,90.35,5.633963162020451,0.2727272727272727,0.5,0.090989010989011,0.1,0.25370000000000004,0.6,1,0.9796908795831338,0.407896530515756,40.79,Medium,Shariatpur
Sherpur,2020s,2,88,Tropical Storm,13.2,0,18.99,0.25,0,25.0188,90.0175,152.90685141280642,0.18181818181818182,0.08666666666666667,0.04615384615384615,0.0,0.18989999999999999,0.25,0,0.44880653838125384,0.1485664580339296,14.86,Low,Sherpur
Sirajganj,2020s,0,107,Tropical Storm,11.5,14,9.95,0.25,0,24.45,89.71,110.26885916963853,0.0,0.21333333333333337,0.03868131868131868,0.35000000000000003,0.09949999999999999,0.25,0,0.6025065349728822,0.19800285129948603,19.8,Low,Sirajganj
Sunamganj,2020s,4,113,Tropical Storm,19.6,3,18.44,0.25,0,25.07,91.4,162.64771424666645,0.36363636363636365,0.2533333333333334,0.07428571428571429,0.07500000000000001,0.1844,0.25,0,0.413693004520998,0.21224761214041152,21.22,Low,Sunamganj
Sylhet,2020s,5,101,Tropical Storm,13.1,1,19.52,0.25,0,24.899,91.872,179.82763831127104,0.4545454545454546,0.17333333333333334,0.045714285714285714,0.025,0.19519999999999998,0.25,0,0.3517633935976021,0.19698530039872125,19.7,Low,Sylhet
Tangail,2020s,1,113,Tropical Storm,3.5,1,44.75,0.25,0,24.25,89.9167,81.09414336217502,0.09090909090909091,0.2533333333333334,0.0035164835164835165,0.025,0.4475,0.25,0,0.7076745666802706,0.20893129283186324,20.89,Low,Tangail
Thakurgaon,2020s,0,115,Tropical Storm,14.8,1,16.65,0.25,0,26.02,88.46,323.338542995847,0.0,0.2666666666666667,0.05318681318681318,0.025,0.16649999999999998,0.25,0,0.0,0.10587802197802199,10.59,Low,Thakurgaon
