Latitude,Longitude,dist_coast,upazila
23.0176025927716,89.4205979424802,66.5102356106811,Abhaynagar
23.7701668896032,90.3533359093861,23.2069006059517,Adabor
24.7992398458837,89.0594639409147,179.02956339181,Adamdighi
25.9450030228971,89.3694349545382,276.345214926628,Aditmari
22.9678403876019,90.1407594105487,23.0199172343201,Agailjhara
24.5533020504169,91.2841623684452,110.526633408729,Ajmiriganj
23.838581165162,91.1951466993564,50.4645381348552,Akhaura
24.9340420693261,89.0419267106988,195.538894467795,Akkelpur
23.729424249271,88.9081820289126,127.832300514586,Alamdanga
23.2969194095938,89.6698460906953,54.6363978882572,Alfadanga
21.6000009872034,92.38471427463,19.2779089778789,Alikadam
22.0749017745157,90.2025489732529,0.0,Amtali
22.2017732818624,91.8813777171918,0.0,Anowara
23.7609006292114,90.6687589915595,8.61930973849725,Araihazar
24.0157902050362,91.018341547148,54.0031700803098,Ashuganj
22.5191311813901,89.187407344862,21.6428195455613,Assasuni
24.1082573514787,89.2820036066748,106.449884335839,Atgharia
24.7913435802862,90.8760761933407,126.800685407672,Atpara
24.6252395723402,88.987887538453,167.056992408722,Atrai
26.2495351754239,88.4263984883222,345.823016906092,Atwari
24.3230078302937,91.1215929504701,79.5689339040506,Austagram
22.8234806927111,90.3146109233531,0.0,Babuganj
24.965857763686,88.9434192194203,203.11351722509,Badalgachhi
25.6659646245106,89.0563197962923,256.693850510571,Badarganj
23.7980059737992,90.4489364855456,19.7280327811278,Badda
24.3122442675998,88.9467486244056,153.668618244807,Bagati Para
22.6775417991489,89.7632943007069,19.0804191960241,Bagerhat Sadar
24.2004611205448,88.8283768392257,157.024973571439,Bagha
23.3728571211966,92.2295151322256,67.5116706970348,Baghai Chhari
23.2423105654809,89.3356384496365,86.968704709095,Bagher Para
24.5911021224198,88.8107704712025,177.593969921858,Baghmara
24.3605683865881,91.5464924267408,112.202132649837,Bahubal
24.2245114432298,90.9510815825362,69.3882558807467,Bajitpur
22.3470489242948,91.8555766906664,0.0,Bakalia
22.5530135962746,90.3845954707401,0.0,Bakerganj
25.2147578155469,89.8525988037099,178.786348685312,Bakshiganj
24.6954263552329,91.7733334193886,151.86677567418,Balaganj
23.6496317080731,89.5506061021266,61.6342922361793,Balia Kandi
26.108443963974,88.2637359248098,342.668179557534,Baliadangi
22.2723965795592,90.0579601794136,4.73770027117467,Bamna
22.8117355962934,90.1285511807085,16.7222986710251,Banari Para
23.7801217633043,90.8070140380557,15.2589288284809,Banchharampur
23.6376664136049,90.5377706970943,0.0,Bandar
22.1708701408923,92.2183006458013,25.9186507783373,Bandarban Sadar
23.7180105791302,90.4050423835812,15.8998593784905,Bangshal
24.4946991968983,91.3654079075497,104.738560142485,Baniachong
22.0158198822648,91.9397914523852,0.0,Banshkhali
24.2736902934458,89.1476814644287,133.88107017927,Baraigram
22.1345257537365,90.1089171274888,0.0,Barguna Sadar
24.9195310938897,90.8853425568081,138.639088236074,Barhatta
22.7133847774876,90.3942002506857,0.0,Barisal Sadar (Kotwali)
22.845224931315,92.3445909533975,44.7535294247548,Barkal
24.7081502343557,92.1755786579712,179.58551572006,Barlekha
23.3556922452956,91.0394222063664,27.3572014276742,Barura
24.2311418836779,90.0394062819606,74.4877197899668,Basail
22.714189073776,89.5160774706489,31.742126591721,Batiaghata
22.4353440588917,90.5390114366358,0.0,Bauphal
22.4192413857,91.8078499854202,3.49788290225769,Bayejid Bostami
24.8488819531008,92.1588877458712,193.684473973057,Beani Bazar
22.9306386491459,91.0952648126695,17.2300253599188,Begumganj
24.0985187970065,90.8493360971204,53.2860857624033,Belabo
22.3023985529526,92.4854073385279,38.3001189440862,Belai Chhari
24.2951627945494,89.7020806528814,100.424530707798,Belkuchi
23.9422585759764,89.6560065689999,66.7308975259219,Bera
22.3471193744115,90.1480649309626,5.20082774798485,Betagi
24.0973841730149,90.981549574316,58.5750829095493,Bhairab
24.381699756769,90.3535508827061,77.6534527596191,Bhaluka
22.454189258862,90.0215519381684,0.0,Bhandaria
23.386742626544,90.0097701127248,17.7024938198339,Bhanga
24.2392539599064,89.3927258151363,114.008723206671,Bhangura
23.2383480737574,90.5138908517683,0.0,Bhedarganj
24.0568808998342,88.9816442968879,134.966232025306,Bheramara
22.6887123042742,90.6151225338806,0.0,Bhola Sadar
24.8962312116754,88.2097040407461,252.745920826043,Bholahat
24.4765164338264,89.8142521625003,108.264481878828,Bhuapur
26.1167170768519,89.6903480780209,280.441336167776,Bhurungamari
23.9943118525386,91.2280989817613,62.9954999400226,Bijoynagar
23.8475068726665,90.4059498331747,28.4456586186281,Biman Bandar
25.6467440443675,88.5476238604242,282.957423580117,Biral
25.379084310191,88.9635655265753,240.159129810672,Birampur
25.9279409227226,88.6266936415752,302.552695650414,Birganj
25.1097612998744,91.3150451244532,168.810846511727,Bishwambarpur
24.8350327719683,91.7292039253237,164.374006682609,Bishwanath
24.3778589077272,88.6131770640711,191.700173820058,Boalia
22.3767815979026,91.9689799272073,0.0,Boalkhali
23.4044848206447,89.6970391207566,48.7502411191833,Boalmari
25.785841322874,88.4535278424563,303.657762167156,Bochaganj
26.2306453278483,88.6126463661165,331.912798346355,Boda
24.8955417160062,89.3556948259744,172.774657018147,Bogra Sadar
23.6451625818434,91.0966299533476,34.8147394268727,Brahman Para
23.9505252101208,91.1189565370704,52.2060483596818,Brahmanbaria Sadar
22.4828866652508,90.7185074420683,0.0,Burhanuddin
23.5336448637706,91.1170066713946,32.3178167924161,Burichang
23.8144761762393,90.3998004873007,23.0087684063338,Cantonment
23.7170160114457,90.3937098985126,16.1699481297489,Chak Bazar
21.7402150638174,92.052398042713,0.0,Chakaria
22.2121171131712,92.0632925813426,8.99646403512502,Chandanaish
22.3876373884204,91.8649273200439,0.0,Chandgaon
23.4459373632385,90.9465158929358,13.9039946259267,Chandina
23.2303209257204,90.685290565272,0.0,Chandpur Sadar
23.5924938644608,89.978037666983,19.3377100599636,Char Bhadrasan
22.0859806845631,90.7053188183053,0.0,Char Fasson
25.4432700810417,89.7638663115164,211.672466385462,Char Rajibpur
24.3000845283311,88.775377952143,167.644838954321,Charghat
23.0538219113328,90.9637856246452,19.7197905512102,Chatkhil
24.2250734914967,89.3020268117365,115.660201435536,Chatmohar
23.220018927809,91.2804348233125,21.4811644024043,Chauddagram
23.2636328780832,89.0218172140426,105.217109273635,Chaugachha
24.1361286084176,89.7566375414581,78.7585449302532,Chauhali
23.0168643103886,91.5069957497068,0.254288408360631,Chhagalnaiya
24.943847745045,91.615504309066,162.974083183788,Chhatak
25.5662543442929,89.7183845672816,220.546930396512,Chilmari
25.6653456782518,88.7863779840161,269.136490110492,Chirirbandar
22.8123373695752,89.8653089878986,26.984220810343,Chitalmari
22.3083565860156,91.7858605074386,0.0,Chittagong Port
23.5887440156773,88.8845854424121,128.115448595371,Chuadanga Sadar
24.1816419703724,91.5173537572402,95.3673742638925,Chunarughat
23.4697940966327,91.1711472664152,35.4392765413195,Comilla Adarsha Sadar
23.3579428543132,91.1833428415877,41.1145653465143,Comilla Sadar Dakshin
22.7701007041434,91.2819850145212,0.0,Companiganj
25.0796782328475,91.7734131902889,186.873326240056,Companiganj
21.5055975482083,92.0346428054318,0.0,Cox's Bazar Sadar
22.3888242778872,89.5186178565416,0.0,Dacope
22.9705378972714,91.2996993741138,13.6818863599218,Daganbhuiyan
24.9125336569303,91.4107099140532,156.306252344928,Dakshin Sunamganj
24.8160915581084,91.8769873150226,176.191828759556,Dakshin Surma
23.8612389976761,90.4250134373272,29.2156171134465,Dakshinkhan
23.1368144876481,90.4216559262838,2.60488410406807,Damudya
23.5931835336194,88.7404767590297,141.292046731308,Damurhuda
23.784055268665,90.3451505208491,24.6233163572718,Darus Salam
22.2642844940591,90.5490393297586,0.0,Dashmina
23.5025907995416,90.7731215242952,0.0,Daudkandi
22.6115751293543,90.7072787191595,0.0,Daulatkhan
23.9557499994227,89.7976787643194,60.0319322249591,Daulatpur
22.8750898086047,89.5091740344779,57.9639675958863,Daulatpur
24.0272123604029,88.8392533341102,140.830963937458,Daulatpur
22.5973281257717,89.0152594272962,42.300239158340894,Debhata
23.5783257790037,90.9978501293967,18.0370516321103,Debidwar
26.1320257892077,88.7194505102224,320.932892099009,Debiganj
24.142004559036,89.9376765644424,71.5539983244585,Delduar
23.7244499351868,90.4810443746878,11.3361673627374,Demra
24.7874959928419,91.336034146016,139.042263024291,Derai
25.2633979127017,89.7659586830907,182.990794015887,Dewanganj
25.130413118963,88.822954421111,217.899346834628,Dhamoirhat
23.9370558215104,90.1414981359793,36.6196778783742,Dhamrai
24.6867146275454,89.9333161381875,125.466738697394,Dhanbari
23.7451243255756,90.3736043707065,19.6538752056155,Dhanmondi
25.0107355790586,91.0407701194229,142.850795283065,Dharampasha
25.1011128318899,90.5249160965518,155.912004930615,Dhobaura
24.6825199159351,89.5503256660178,137.796365649051,Dhunat
24.8836839814351,89.1391310832347,184.645109627477,Dhupchanchia
22.9250111687397,89.5600610022391,57.5380441408731,Dighalia
23.3991257750712,92.0499229122403,62.2464799562687,Dighinala
26.172014221734,88.9726156654141,311.000877325006,Dimla
25.6079928419228,88.6773153912385,270.431740100943,Dinajpur Sadar
23.600875506574,90.1093607780619,10.0171617113315,Dohar
26.1585079360006,88.8252452501438,318.028401763908,Domar
22.3302344150454,91.8091912790476,0.0,Double Mooring
25.0717549024306,91.5625483944152,173.971020948342,Dowarabazar
22.4504061378146,90.3718724597901,3.4370827926476,Dumki
22.8053702188764,89.3980207534845,40.4064162983895,Dumuria
25.0896205869635,90.6820730483002,152.866020351411,Durgapur
24.4667364186035,88.7601291132097,178.513109356524,Durgapur
22.7423829759689,89.6656890812422,34.3252442115951,Fakirhat
23.1462681971801,90.7609509048263,4.60816915352827,Faridganj
24.1606665779837,89.4488642856143,105.02948566782,Faridpur
23.6047146629631,89.816493227616,34.9842482122825,Faridpur Sadar
22.756293771322,91.7473078319127,7.13900552774597,Fatikchhari
24.6937920266424,91.9617785077257,172.826366412431,Fenchuganj
22.9899728845128,91.4159006550706,0.0,Feni Sadar
25.4701562652729,88.9018380496507,251.078654842173,Fulbari
24.586491800212,90.2545068659034,97.9149534185882,Fulbaria
25.2543756464076,89.6539428060374,188.798910663502,Fulchhari
23.1179845509884,91.4425119668709,16.1460099620632,Fulgazi
24.8867615651926,89.4649935436559,162.53076567109,Gabtali
24.3935274886183,90.5495342576239,70.9322700471256,Gaffargaon
25.349744568291,89.5666239904103,204.849572798285,Gaibandha Sadar
22.0530598402881,90.4507961624833,0.0,Galachipa
25.874218930665,89.1934048665964,273.179982713024,Gangachara
23.8577201766342,88.771178146969,146.374311397991,Gangni
24.7560067998278,90.5858813780719,115.146574630593,Gauripur
22.9663551926687,90.2446917273271,11.7783815659484,Gaurnadi
23.5471964661069,90.6297419749551,0.0,Gazaria
24.0140552001429,90.396215414407,33.306201374612,Gazipur Sadar
23.7066719884187,90.4225017941723,13.7471400043795,Gendaria
24.4735181071633,90.0515720462684,96.0505457384416,Ghatail
23.8733457276983,89.9044444601468,44.7326844978306,Ghior
25.2842498601193,89.214323351604,217.083346705272,Ghoraghat
23.7563470273691,89.7661051315666,48.230632184080896,Goalandaghat
25.1571078509904,89.3691638154393,188.208575741651,Gobindaganj
24.4834457251385,88.414719225927,204.318670173497,Godagari
24.811987383854,92.0169878564418,182.7422421457,Golabganj
24.8569418519449,88.3550162424363,236.317851154315,Gomastapur
23.0603784671359,89.8487878410314,39.7172411968841,Gopalganj Sadar
24.5720161608198,89.9035319869475,114.630665837429,Gopalpur
23.0790613008852,90.448720439518,0.0,Gosairhat
25.0831404758732,91.9583315525058,195.180600856631,Gowainghat
23.7896520826208,90.4120384894969,21.5480304045703,Gulshan
24.3727994375151,89.2028513049925,135.654101560282,Gurudaspur
24.335911836167,91.4142679311131,101.68912919013,Habiganj Sadar
23.0694660906907,90.6265005159585,0.0,Haim Char
23.2628562468948,90.8373415470468,7.84803088763856,Hajiganj
25.2920481084722,89.0620893221186,227.042279762642,Hakimpur
22.3376761725522,91.7757882174688,0.0,Halishahar
25.084636704572,90.3513385847205,154.236946791454,Haluaghat
23.6427091435325,89.0766159041267,110.2149996683,Harinakunda
25.8784522583106,88.1548426361966,329.214943859392,Haripur
23.7241748129288,89.9478596736847,30.9827806181042,Harirampur
22.5278397689218,91.7978994773761,0.591807423529597,Hathazari
26.121451631428,89.1409637746643,296.777518113359,Hatibandha
22.3093818108338,91.0909564942232,0.0,Hatiya
23.7389934844547,90.359127470886,18.4847341626441,Hazaribagh
22.9562038360971,90.5219551480803,0.0,Hizla
23.6792343017184,90.812736509683,9.84898674409179,Homna
24.4488104429733,90.6628468610614,86.8588702703018,Hossainpur
24.0777914892048,89.097262723259,124.143231771952,Ishwardi
24.6450318611878,90.5994752632932,105.715886990239,Ishwarganj
25.0752016718771,89.7612707008856,167.105079424656,Islampur
24.5492612044658,91.0824840541839,102.086905192608,Itna
24.7469333859946,91.5558541173305,144.436795385295,Jagannathpur
25.056400671971,92.1013747864619,199.780831186742,Jaintiapur
26.0295034938259,88.99345218911,296.281771805241,Jaldhaka
24.9541066505704,91.2030629712642,141.310355151967,Jamalganj
24.8441600851798,90.0124868587541,136.055439779191,Jamalpur Sadar
23.7134092802406,90.4514344264651,12.4307069804851,Jatrabari
22.6796744009814,90.1922628479929,10.9855887978666,Jhalokati Sadar
23.5164579578257,89.1578108041393,95.3177625420687,Jhenaidah Sadar
25.1818268663247,90.0529798368505,169.545927384173,Jhenaigati
23.0689195685896,89.054232327974,81.9300004869434,Jhikargachha
23.4410786313128,88.8491864048544,128.624259269699,Jiban Nagar
25.1056110586962,89.0199712959071,211.161059825924,Joypurhat Sadar
22.6308666873201,92.4225156126984,48.1200679794204,Jurai Chhari
24.5531065515904,92.1432301696334,169.305694409828,Juri
22.8133927916221,91.1999016599329,2.03271229947893,Kabirhat
23.3626008250131,90.8817274316597,10.3541860637241,Kachua
22.6522549748517,89.8747652129253,14.4960207550835,Kachua
23.68726664251,90.4487607707715,9.83545475844994,Kadamtali
23.7956317358214,90.3848207616858,21.9992220131069,Kafrul
24.8322490095691,89.25048831008,170.172950145468,Kahaloo
25.8008958070513,88.5988651491135,298.376961985805,Kaharole
21.9356208742756,90.2183716332098,0.0,Kala Para
23.7470645927963,90.3861495134452,19.5777157763629,Kalabagan
25.0778009285671,89.1977979675617,199.209469266637,Kalai
22.8807247974369,89.0302375678457,68.4728044310211,Kalaroa
23.0279722516664,89.6440931604819,54.3697360303163,Kalia
24.1031894183956,90.2645780712197,50.1289214950205,Kaliakair
23.9642554144844,90.5549093480521,28.8941232808144,Kaliganj
23.3696878922931,89.1518379727938,99.9989392608384,Kaliganj
22.4472408029612,89.0623301306736,20.5948644633735,Kaliganj
25.9856171904238,89.240208108678,282.260527563676,Kaliganj
24.3600137104592,89.9449039209584,90.3498946090149,Kalihati
23.0709038057784,90.2483369128228,10.2609382012231,Kalkini
25.0768711852666,90.8572773277566,151.527686902317,Kalmakanda
23.740981891361,89.4741679962255,73.7535730168408,Kalukhali
24.3156354847029,91.8592324793093,132.402110016902,Kamalganj
22.7675345284336,90.8653290098823,0.0,Kamalnagar
24.3749967797666,89.6435519096394,110.462400836711,Kamarkhanda
23.7115450724203,90.3717676876237,16.681707528328,Kamrangir Char
24.9935497387376,92.2180212479011,199.047157538143,Kanaighat
22.4202694698141,90.1023044427464,4.2862073093493,Kanthalia
24.1471760118935,90.5998449021148,46.9065178642229,Kapasia
22.4597954123613,92.1935083001522,21.3845391012585,Kaptai
24.4512786500425,90.8959951740656,88.1506882884432,Karimganj
23.7630445288781,91.1303029673935,41.3863907027505,Kasba
23.190713830685,89.7962845891537,45.480461682511,Kashiani
24.2910264167217,90.8240207207718,65.8693064093106,Katiadi
25.7637731100451,89.3949597023979,256.111783896718,Kaunia
22.6064484166021,90.0584898433442,3.08294807764747,Kawkhali
22.6207680503762,92.0095810924567,9.90589414390135,Kawkhali (Betbunia)
24.6702136588854,89.6872921430452,132.085115542684,Kazipur
24.6773125835121,90.8029079724499,108.996431426168,Kendua
23.6934753150863,90.3442825309257,5.0413327864071,Keraniganj
22.8801217451941,89.2316283126821,60.7555773082392,Keshabpur
23.1283115170969,91.9860265425963,49.7966348418007,Khagrachhari Sadar
24.7023470588298,91.1213111900201,119.162092559845,Khaliajuri
22.8497548521659,89.536341012211,55.2693823432884,Khalishpur
22.916760261781,89.4904307346881,62.5733093220206,Khan Jahan Ali
25.8697074128519,88.7652430002732,295.169253151754,Khansama
25.0223842739956,89.1180518210439,195.826982122919,Khetlal
23.7598997368661,90.45477246457,17.5906291801492,Khilgaon
23.8344519158941,90.4475561627724,26.4085127021823,Khilkhet
23.8087193826845,89.2997197509989,100.037373340574,Khoksa
22.8006062352446,89.5686402349795,48.2474351926251,Khulna Sadar
22.366071651785,91.8001389712383,1.71991609471097,Khulshi
25.8960209066544,89.0328656991315,285.370417422746,Kishoreganj
24.4237683495456,90.7833519994917,82.8845577398319,Kishoreganj Sadar
23.0110044671031,90.0206973768875,31.283178654351,Kotali Para
23.4479016932459,88.9986852801959,118.595288433903,Kotchandpur
22.3430180565296,91.8323335667942,0.0,Kotwali
23.7096971237861,90.4080985854337,14.8870002158411,Kotwali
23.1819446664638,89.2193250053316,86.5738400633951,Kotwali
22.1452397046567,89.3822575860887,0.0,Koyra
24.4902560675258,92.0123399000601,150.92632044169,Kulaura
24.1518888442807,90.8881222503873,60.3327723144338,Kuliar Char
23.8566543458526,89.2095302207059,105.32883108705,Kumarkhali
25.8260296878057,89.6907084501962,252.131725819312,Kurigram Sadar
23.8222300226976,89.0896082221839,114.475873054623,Kushtia Sadar
21.8379657573298,91.8625529380986,0.0,Kutubdia
24.2980962608565,91.2603795431891,90.7978881228413,Lakhai
23.2386957502018,91.1052420349165,37.1227326255115,Laksam
22.7849417763322,91.9290596045107,27.8068459821904,Lakshmichhari
22.9210586323388,90.8631012614777,0.0,Lakshmipur Sadar
23.7211525591517,90.3778401784838,17.275936637488,Lalbagh
22.316125984242,90.7516217224087,0.0,Lalmohan
25.8746887521909,89.4526098583857,264.553455425042,Lalmonirhat Sadar
24.1983973196252,88.98494258373,139.60727468004,Lalpur
21.8179331485289,92.2075917329309,6.25081254505542,Lama
22.9505531903783,92.2088529691019,50.2258450053799,Langadu
21.9862127448806,92.1111202528144,10.2365251022659,Lohagara
23.2048452382987,89.6236159518687,58.1877700097278,Lohagara
23.4705854168072,90.3413536440715,0.0,Lohajang
24.677526179465,90.9670806730764,115.028531964704,Madan
24.8818779620574,89.7408344035083,149.982538557162,Madarganj
23.193766589858,90.174850604394,18.0733819693714,Madaripur Sadar
24.120439194869,91.3414673911414,77.6953795734421,Madhabpur
23.5409299663178,89.612044238631,52.2057672486662,Madhukhali
24.6501677053392,90.0602298380974,110.313220909818,Madhupur
23.4518428937707,89.413032413817,74.3215856212705,Magura Sadar
24.9199162426556,88.7647563667786,205.663461007215,Mahadebpur
22.9514657174757,92.0233757742865,40.6021385025717,Mahalchhari
21.6089827696344,91.9210096599328,0.0,Maheshkhali
23.3196818244851,88.8578223702252,112.855232222919,Maheshpur
24.7443288174297,88.7129865278351,196.119958014362,Manda
22.8412063999694,91.8191110812173,24.8618445604327,Manikchhari
23.8358323084795,90.0305267959282,32.642466245756,Manikganj Sadar
23.0062234926788,89.2201175764458,70.4859355570726,Manirampur
24.160763870522,90.7304769123302,51.47648582925,Manohardi
23.140113935916,91.0669622010145,33.6796506970002,Manoharganj
22.2237487588854,90.9485571730873,0.0,Manpura
22.285168021017,89.9505717609713,0.0,Mathbaria
24.3676738063495,88.6469748618254,189.636492653463,Matihar
23.1045081271562,91.8547761528886,29.9170156381528,Matiranga
23.3497649221953,90.7469100381698,0.626262892992472,Matlab Dakshin
23.4136033413862,90.6419804080616,0.0,Matlab Uttar
24.4995097860705,91.7123251530029,134.555393614472,Maulvi Bazar Sadar
23.6247477381417,90.6908590563875,0.149752405800279,Meghna
22.8192132553846,90.5076155927376,0.0,Mehendiganj
23.7662881435657,88.661122553811,152.205050508317,Meherpur Sadar
24.9573480690859,89.8246833688764,153.345304971362,Melandaha
23.794159805622,90.3617561658255,24.4665221772809,Mirpur
23.8959818925093,88.989637897712,126.627506230718,Mirpur
22.8099215370487,91.5501431103361,0.0,Mirsharai
22.3567659814246,90.2166025048199,3.53115772013528,Mirzaganj
24.1159283820009,90.1071631468087,60.1036111841064,Mirzapur
25.5714318481162,89.2611559128997,234.341864987278,Mitha Pukur
24.4331087134068,91.1105284609956,94.8764879934682,Mithamain
23.7586310820488,90.3566926627137,21.1271437635141,Mohammadpur
23.4009652333568,89.552305097073,64.1465785144676,Mohammadpur
24.8267651454468,91.023660603306,131.338529675094,Mohanganj
24.5536041924072,88.6403314172611,195.038391307374,Mohanpur
22.8826757834641,89.7733001426729,41.586942237432496,Mollahat
22.1267148873778,89.6543982509384,0.0,Mongla
22.483803278546,89.8336279085756,0.0,Morrelganj
23.734762557346,90.4214620408246,16.1797947969864,Motijheel
23.6683743245625,88.6213868192148,146.665508255004,Mujib Nagar
23.2667255778738,89.9143477510404,27.6071309446686,Muksudpur
24.7429599651899,90.2037895428764,117.028775139469,Muktagachha
22.9527066743365,90.3762315947841,0.0088159156766446,Muladi
23.486576181208,90.5275635307488,0.0,Munshiganj Sadar
23.6775337950471,90.9435907791426,15.3239856723059,Muradnagar
24.7745746694908,90.3615884257432,115.115126922928,Mymensingh Sadar
24.5695941906341,91.5445087261547,125.799197985728,Nabiganj
23.8635638312553,90.9805100541725,28.5874762046919,Nabinagar
24.7267770123587,88.3964488314844,221.604704146631,Nachole
23.4372177785917,89.8942864023029,30.078408406554,Nagarkanda
24.0476991918385,89.874117340234,64.2755513202746,Nagarpur
25.9584783561227,89.7400906663797,259.824507515314,Nageshwari
21.4689129851651,92.2287388315772,6.50447446912411,Naikhongchhari
24.9567632129652,90.1837046230741,146.062000053639,Nakla
22.6007016066155,90.273558572681,7.81939380409874,Nalchity
25.1175788412827,90.1835061770894,161.33689771329,Nalitabari
24.5501859979289,90.6771518447823,95.4967001783525,Nandail
24.6812751175115,89.2267938043152,156.005029442541,Nandigram
23.1401262279759,91.2092986678919,26.1710698796452,Nangalkot
22.8217870745511,92.0693762088841,32.538859116179,Naniarchar
24.8110493176067,88.8981693250886,192.485463695625,Naogaon Sadar
23.1545372257862,89.4948885232544,72.379262287984,Narail Sadar
23.6274689326204,90.4810612566982,0.0,Narayanganj Sadar
23.3046592850597,90.4273863462873,0.0,Naria
23.8665697471497,90.7080966271849,20.7788124460281,Narsingdi Sadar
24.1822401723539,91.1875248095954,75.9125841205883,Nasirnagar
24.4432783915446,88.9840478635321,154.348016887469,Natore Sadar
23.6734131777272,90.1606837135204,12.1826122493343,Nawabganj
25.4204189586824,89.0917016148348,232.144654045909,Nawabganj
24.5650061645911,88.2579131099959,223.284989264241,Nawabganj Sadar
22.7703212551348,89.9743774891328,19.9551347297043,Nazirpur
22.7225454950105,90.085677803803,18.9708755354443,Nesarabad (Swarupkati)
24.8867317568874,90.7373697390694,128.299333844799,Netrokona Sadar
23.7355636549543,90.380881202821,18.9132464719311,New Market
24.8284246411655,88.5515062789006,216.099972290918,Niamatpur
24.3367724749826,90.963108501986,76.7313939297025,Nikli
25.9416487683992,88.8549001814946,295.10353506515,Nilphamari Sadar
22.8023622276144,91.0605952117432,0.0771848564366057,Noakhali Sadar (Sudharam)
24.4056498810228,88.5994441531232,185.680503488243,Paba
23.9936754423255,89.2815162003004,101.130095247931,Pabna Sadar
22.3596496081915,91.7727681108247,0.0,Pahartali
22.5905418640229,89.3402974003026,20.7752270909227,Paikgachha
24.3206810157844,90.6926828340637,70.5254453204222,Pakundia
23.9537986705893,90.6492907555358,30.514266828333,Palash
25.2636209841162,89.3967789638513,202.744486943379,Palashbari
23.8254056050166,90.3681591312563,26.810603234985,Pallabi
23.734936506379,90.4137962187233,16.7278949012771,Paltan
26.3674798182152,88.5817486899946,348.787708432973,Panchagarh Sadar
25.2021722579654,89.0703043807145,215.202041446237,Panchbibi
23.3197535954858,91.9101414821192,50.0044863659286,Panchhari
22.3734569271698,91.8286483375995,2.19599063445595,Panchlaish
23.7878947132981,89.3868024735516,86.7144274411704,Pangsha
25.6187425611169,88.9255993905199,258.262860805262,Parbatipur
23.2013700770578,91.4397029063811,24.9460541899305,Parshuram
22.2629456724821,91.7958578030161,0.0,Patenga
26.3399590718836,89.0240176828447,322.048138151753,Patgram
22.0947301640138,89.9661995033762,0.0,Patharghata
22.2921164674049,91.9638387773819,0.0,Patiya
25.0753929163483,88.7165182084637,216.656465733673,Patnitala
22.3358274436163,90.3289215813453,0.333140882755956,Patuakhali Sadar
21.8181667753295,91.9527794890476,0.0,Pekua
25.9494607012275,89.5705273474506,268.152508426999,Phulbari
24.908522016723,90.4064944898111,125.659795075668,Phulpur
22.9565990353569,89.4418507802901,67.0438691980966,Phultala
25.665071875154,89.420068865152,242.159765819626,Pirgachha
25.4236981023351,89.2742974902777,222.620716541182,Pirganj
25.8410849960614,88.3679028192949,305.960777004724,Pirganj
22.6087414380964,89.9810793378645,0.945266146983427,Pirojpur Sadar
24.9922018385618,88.5176850737957,231.943178287918,Porsha
24.9338180482519,90.6019801659671,131.347247309154,Purbadhala
24.4109767584243,88.8273250383221,170.141839219248,Puthia
22.5507368700207,90.1311049790459,5.6694482070431,Rajapur
25.7860922908219,89.5423636299797,253.520661188543,Rajarhat
22.3784997298095,92.2417001985812,19.8547196873432,Rajasthali
23.7174556993557,89.6541195730992,52.5632690108546,Rajbari Sadar
24.5652543852541,91.8608584010163,152.211199018627,Rajnagar
23.2013350497409,90.036938298566,23.9720838400136,Rajoir
24.377127927636,88.5672396120236,196.089431497868,Rajpara
23.0989290137246,90.8725774279997,14.6800098897628,Ramganj
22.9349927397541,91.831200452137,23.202589414355,Ramgarh
22.6450692391668,90.9453569142808,0.0,Ramgati
23.7481876888218,90.4060062431021,18.2647631642638,Ramna
22.5913512349397,89.6521992771093,16.62440608831,Rampal
23.7609092045534,90.4207451446899,19.302238592014,Rampura
21.4407281709811,92.1209980224805,0.0,Ramu
22.6365796410677,92.1989095208954,26.9292773383353,Rangamati Sadar
25.7458894407938,89.2123503349324,258.741020401981,Rangpur Sadar
22.4649634407579,92.0665969492673,5.74893676952095,Rangunia
24.7107650128505,89.0218456613999,173.667210015245,Raninagar
25.9400644264593,88.2458188889687,328.657788903254,Ranisankail
22.5207585819619,91.9169103957462,0.0,Raozan
25.5914291841223,89.827539497011,215.982222269269,Raumari
22.2093319308802,92.3399069261733,34.9475132958713,Rowangchhari
24.4922149777725,89.5156736301329,124.431788970782,Royganj
22.999852413858,90.7309597698986,0.0,Roypur
23.960021333641,90.8719656100634,33.725762401839,Roypura
22.0126386651457,92.4292698364161,35.9411502420877,Ruma
23.8127112639234,90.5387733884249,13.9888019973621,Rupganj
22.8200929708429,89.6361535955877,43.5115548746758,Rupsa
23.7346727931725,90.4420839507059,15.8201900790737,Sabujbagh
23.4958536499256,90.0525018815681,7.78332243619081,Sadarpur
25.3947221013286,89.4263644786213,218.023154375389,Sadullapur
25.123325923225,89.5638027178719,182.201685092288,Saghatta
25.8028935633301,88.922028686824,283.753239645278,Saidpur
24.3065857972376,90.1728997170697,70.6279969162621,Sakhipur
23.4200256662221,89.79965600949,39.6477768486651,Saltha
22.5247295898697,91.4535100958239,0.0,Sandwip
24.042191943069,89.5168214201951,84.6737376529701,Santhia
25.1181489051428,88.5302565194161,239.12831680577,Sapahar
24.1032796874244,91.1121999972696,65.4594759771607,Sarail
22.1103816665232,89.8081409553078,0.0,Sarankhola
24.8811202514917,89.6140051438515,152.815478035874,Sariakandi
24.718481793644,89.8304695391879,128.224691313793,Sarishabari
22.1051587475465,92.0595161075904,7.53324623988962,Satkania
22.7209277666322,89.038652662355,47.9735054770247,Satkhira Sadar
23.9575362075111,90.0016558150273,50.149741603953906,Saturia
23.8810225566887,90.280780218716,22.7188540048015,Savar
22.9924292266476,91.2121157378712,15.3886837753416,Senbagh
23.5976594145099,90.3564921605729,3.5360172576738,Serajdikhan
23.8118939043665,90.3473939802475,26.943667354715,Shah Ali
24.4029443934671,88.6085815008228,194.741213376206,Shah Makhdum
23.732476974705,90.3991444715388,16.8397045901937,Shahbagh
24.1627775963019,89.6301144532052,86.5520092396614,Shahjadpur
23.2086744919711,90.9569717681766,21.3718224576978,Shahrasti
23.663387569382,89.2421817685671,91.8031950293264,Shailkupa
24.7600761225993,89.3749330074543,159.529128655796,Shajahanpur
23.348109495295,89.3585379109444,79.1012805008396,Shalikha
23.21607000832,90.3158778110901,10.8710174412333,Shariatpur Sadar
23.0448933822163,88.9407345677413,82.2193532028187,Sharsha
23.7699761744282,90.3758747164455,20.679767409344,Sher-e-bangla Nagar
24.6290995479643,89.4223784723255,139.794924266204,Sherpur
24.9929093363451,90.0198870101765,151.00492193738,Sherpur Sadar
23.3754282909392,90.1742332884707,0.0,Shib Char
23.8383027122985,89.810164829619,49.5601600814878,Shibalaya
25.0164892706858,89.3067034898434,186.929644853301,Shibganj
24.704385977816,88.1547933625769,238.609845905226,Shibganj
24.0259753045916,90.7453271347405,37.3692590508198,Shibpur
22.0687583971934,89.1793042074804,0.0,Shyamnagar
23.6971121422151,90.4300677232163,12.2038944745261,Shyampur
23.783308903884,90.1543501476441,26.8644488449046,Singair
24.5241245692181,89.1860242046513,147.194046111048,Singra
24.4941069163965,89.6884800474561,110.834509235836,Sirajganj Sadar
22.5588468823114,91.6828611059064,0.0,Sitakunda
22.819876005063,89.5422166916909,52.1151755484094,Sonadanga
22.8610667541389,91.3955401199123,0.0,Sonagazi
23.0262759710707,91.0777052983507,27.6572197857535,Sonaimuri
23.675566810045,90.593329595264,0.0,Sonargaon
24.9969729059607,89.5140050714698,176.444812918711,Sonatola
25.1656340533889,89.95490812568,170.124309780888,Sreebardi
24.3010225920525,91.6979578326053,117.518250772036,Sreemangal
23.5469372444916,90.2632251486774,3.22792998133138,Sreenagar
24.2051706279517,90.443113247704,46.650273158558,Sreepur
23.5962628259127,89.4244698200674,73.2088936427399,Sreepur
22.6201421345544,91.1515853946259,0.0,Subarnachar
23.8966676857976,89.5127482272196,72.7176378315874,Sujanagar
24.6863134925649,91.2570740615767,122.849747542015,Sulla
25.0507740933946,91.3954415184311,162.662157350931,Sunamganj Sadar
25.5100443896747,89.5639354964442,216.272829333493,Sundarganj
23.713812858475,90.4173573493919,14.2735356855046,Sutrapur
24.9412718202074,91.8474376528189,182.162321124023,Sylhet Sadar
25.1281108003634,91.1633652820418,165.622336126944,Tahirpur
22.7400173940232,89.2105972568924,40.9196853920379,Tala
24.2564098003109,89.8661272884572,84.7073918542061,Tangail Sadar
24.6202410126563,88.5310822015425,204.967889849031,Tanore
25.7806367462743,89.0332602416023,276.064421578612,Taraganj
24.550174851353,90.8907451002912,101.381526504166,Tarail
24.4431551047151,89.358125069528,128.996333178115,Tarash
22.4388693041602,90.8578775000627,0.0,Tazumuddin
23.7628366629538,90.3916942030326,20.0693474506717,Tejgaon
23.7643403219981,90.402968045711,20.2927196758553,Tejgaon Ind. Area
20.9921554801302,92.2236905914957,0.0,Teknaf
26.5135283806534,88.4298644338314,370.024306442687,Tentulia
22.9126201289308,89.6543377333612,52.2639997867887,Terokhada
26.0706368746362,88.4644524389111,323.722037204566,Thakurgaon Sadar
21.6370431266304,92.5310251543719,35.9314686131023,Thanchi
23.5895897432736,90.7969932569146,2.26567014107305,Titas
23.47600915465,90.4526388431179,0.0,Tongibari
24.5638327175124,90.4094092716658,95.1404992950779,Trishal
22.9254289325789,89.9044465718508,40.4648745417153,Tungi Para
23.8599759762886,90.3666546516889,28.2542761738266,Turag
21.2292867111579,92.115938635182,0.0,Ukhia
25.6890914907935,89.6689077777013,235.440064274488,Ulipur
24.3273399535596,89.5180911696362,106.726826860434,Ullah Para
23.8746349069187,90.4448204632902,29.1786086209308,Uttar Khan
23.8721602424199,90.394111381482,30.8195336668542,Uttara
22.8655834048755,90.1660449414292,11.9752367533092,Wazirpur
24.9261198898878,92.3672159182535,214.868858718956,Zakiganj
23.3655064937381,90.318181081535,0.0,Zanjira
22.4655005160524,89.9342781769972,0.0,Zianagar
