upazila,Predominant_Soil_Region,General_Bearing_Capacity_kN_m2,Building_Suitability,Key_Considerations
Abhaynagar,Old Himalayan Piedmont Plain,120-150,High,"Stable, well-drained land. Good for all types of foundations."
Adabor,Madhupur Tract,90-120,Medium-High,Moderately stable. Shrink-swell potential in dry seasons.
Adamdighi,Barind Tract,100-130,Medium-High,Generally stable but can be hard and compacted in dry season.
Aditmari,Old Himalayan Piedmont Plain,120-150,High,"Stable, well-drained land. Good for all types of foundations."
Agailjhara,Ganges River Floodplain,70-100,Medium,Risk of flooding. Soil can be soft and compressible.
Ajmiriganj,Surma-Kushiyara Floodplain,60-90,Medium,"Very low-lying, high flood risk. Soft, organic-rich soils."
Akhaura,Eastern Surma-Kushiyara Floodplain,80-110,Medium,Flood risk. Soil stability can vary significantly.
Akkelpur,Barind Tract,100-130,Medium-High,Generally stable but can be hard and compacted in dry season.
Alamdanga,Ganges River Floodplain,70-100,Medium,Risk of flooding. Soil can be soft and compressible.
Alfadanga,Ganges River Floodplain,70-100,Medium,Risk of flooding. Soil can be soft and compressible.
Alikadam,Hill Soils,80-110,Low-Medium,High erosion and landslide risk. Requires extensive geotechnical investigation.
Amtali,Young Tidal Floodplain,50-80,Low-Medium,"Very soft, saline, and compressible. High water table. Special foundations needed."
Anowara,Young Tidal Floodplain,50-80,Low-Medium,"Very soft, saline, and compressible. High water table. Special foundations needed."
Araihazar,Old Meghna Estuarine Floodplain,75-105,Medium,Some flood risk. Soil is more consolidated than young floodplains.
Ashuganj,Old Meghna Estuarine Floodplain,75-105,Medium,Some flood risk. Soil is more consolidated than young floodplains.
Assasuni,Young Tidal Floodplain,50-80,Low-Medium,"Very soft, saline, and compressible. High water table. Special foundations needed."
Atgharia,Ganges River Floodplain,70-100,Medium,Risk of flooding. Soil can be soft and compressible.
Atpara,Old Meghna Estuarine Floodplain,75-105,Medium,Some flood risk. Soil is more consolidated than young floodplains.
Atrai,Barind Tract,100-130,Medium-High,Generally stable but can be hard and compacted in dry season.
Atwari,Old Himalayan Piedmont Plain,120-150,High,"Stable, well-drained land. Good for all types of foundations."
Austagram,Old Meghna Estuarine Floodplain,75-105,Medium,Some flood risk. Soil is more consolidated than young floodplains.
Babuganj,Young Tidal Floodplain,50-80,Low-Medium,"Very soft, saline, and compressible. High water table. Special foundations needed."
Badalgachhi,Barind Tract,100-130,Medium-High,Generally stable but can be hard and compacted in dry season.
Badarganj,Old Himalayan Piedmont Plain,120-150,High,"Stable, well-drained land. Good for all types of foundations."
Badda,Madhupur Tract,90-120,Medium-High,Moderately stable. Shrink-swell potential in dry seasons.
Bagati Para,Barind Tract,100-130,Medium-High,Generally stable but can be hard and compacted in dry season.
Bagerhat Sadar,Young Tidal Floodplain,50-80,Low-Medium,"Very soft, saline, and compressible. High water table. Special foundations needed."
Bagha,Ganges River Floodplain,70-100,Medium,Risk of flooding. Soil can be soft and compressible.
Baghai Chhari,Hill Soils,80-110,Low-Medium,High erosion and landslide risk. Requires extensive geotechnical investigation.
Bagher Para,Ganges River Floodplain,70-100,Medium,Risk of flooding. Soil can be soft and compressible.
Baghmara,Barind Tract,100-130,Medium-High,Generally stable but can be hard and compacted in dry season.
Bahubal,Surma-Kushiyara Floodplain,60-90,Medium,"Very low-lying, high flood risk. Soft, organic-rich soils."
Bajitpur,Old Meghna Estuarine Floodplain,75-105,Medium,Some flood risk. Soil is more consolidated than young floodplains.
Bakalia,Young Tidal Floodplain,50-80,Low-Medium,"Very soft, saline, and compressible. High water table. Special foundations needed."
Bakerganj,Young Tidal Floodplain,50-80,Low-Medium,"Very soft, saline, and compressible. High water table. Special foundations needed."
Bakshiganj,Old Brahmaputra Floodplain,80-110,Medium,Moderate flood risk. Mixed sand and silt soils.
Balaganj,Surma-Kushiyara Floodplain,60-90,Medium,"Very low-lying, high flood risk. Soft, organic-rich soils."
Balia Kandi,Ganges River Floodplain,70-100,Medium,Risk of flooding. Soil can be soft and compressible.
Baliadangi,Old Himalayan Piedmont Plain,120-150,High,"Stable, well-drained land. Good for all types of foundations."
Bamna,Young Tidal Floodplain,50-80,Low-Medium,"Very soft, saline, and compressible. High water table. Special foundations needed."
Banari Para,Young Tidal Floodplain,50-80,Low-Medium,"Very soft, saline, and compressible. High water table. Special foundations needed."
Banchharampur,Old Meghna Estuarine Floodplain,75-105,Medium,Some flood risk. Soil is more consolidated than young floodplains.
Bandar,Madhupur Tract,90-120,Medium-High,Moderately stable. Shrink-swell potential in dry seasons.
Bandarban Sadar,Hill Soils,80-110,Low-Medium,High erosion and landslide risk. Requires extensive geotechnical investigation.
Bangshal,Madhupur Tract,90-120,Medium-High,Moderately stable. Shrink-swell potential in dry seasons.
Baniachong,Surma-Kushiyara Floodplain,60-90,Medium,"Very low-lying, high flood risk. Soft, organic-rich soils."
Banshkhali,Young Tidal Floodplain,50-80,Low-Medium,"Very soft, saline, and compressible. High water table. Special foundations needed."
Baraigram,Barind Tract,100-130,Medium-High,Generally stable but can be hard and compacted in dry season.
Barguna Sadar,Young Tidal Floodplain,50-80,Low-Medium,"Very soft, saline, and compressible. High water table. Special foundations needed."
Barhatta,Old Meghna Estuarine Floodplain,75-105,Medium,Some flood risk. Soil is more consolidated than young floodplains.
Barisal Sadar (Kotwali),Young Tidal Floodplain,50-80,Low-Medium,"Very soft, saline, and compressible. High water table. Special foundations needed."
Barkal,Hill Soils,80-110,Low-Medium,High erosion and landslide risk. Requires extensive geotechnical investigation.
Barlekha,Surma-Kushiyara Floodplain,60-90,Medium,"Very low-lying, high flood risk. Soft, organic-rich soils."
Barura,Old Meghna Estuarine Floodplain,75-105,Medium,Some flood risk. Soil is more consolidated than young floodplains.
Basail,Madhupur Tract,90-120,Medium-High,Moderately stable. Shrink-swell potential in dry seasons.
Batiaghata,Young Tidal Floodplain,50-80,Low-Medium,"Very soft, saline, and compressible. High water table. Special foundations needed."
Bauphal,Young Tidal Floodplain,50-80,Low-Medium,"Very soft, saline, and compressible. High water table. Special foundations needed."
Bayejid Bostami,Young Tidal Floodplain,50-80,Low-Medium,"Very soft, saline, and compressible. High water table. Special foundations needed."
Beani Bazar,Surma-Kushiyara Floodplain,60-90,Medium,"Very low-lying, high flood risk. Soft, organic-rich soils."
Begumganj,Young Meghna Estuarine Floodplain,55-85,Low-Medium,"Soft, compressible soils with high water table. Significant flood risk."
Belabo,Old Meghna Estuarine Floodplain,75-105,Medium,Some flood risk. Soil is more consolidated than young floodplains.
Belai Chhari,Hill Soils,80-110,Low-Medium,High erosion and landslide risk. Requires extensive geotechnical investigation.
Belkuchi,Old Brahmaputra Floodplain,80-110,Medium,Moderate flood risk. Mixed sand and silt soils.
Bera,Ganges River Floodplain,70-100,Medium,Risk of flooding. Soil can be soft and compressible.
Betagi,Young Tidal Floodplain,50-80,Low-Medium,"Very soft, saline, and compressible. High water table. Special foundations needed."
Bhairab,Old Meghna Estuarine Floodplain,75-105,Medium,Some flood risk. Soil is more consolidated than young floodplains.
Bhaluka,Madhupur Tract,90-120,Medium-High,Moderately stable. Shrink-swell potential in dry seasons.
Bhandaria,Young Tidal Floodplain,50-80,Low-Medium,"Very soft, saline, and compressible. High water table. Special foundations needed."
Bhanga,Young Ganges River Floodplain,65-95,Medium,Recent floodplain deposits. Soft soils with moderate compressibility.
Bhangura,Ganges River Floodplain,70-100,Medium,Risk of flooding. Soil can be soft and compressible.
Bhedarganj,Young Meghna Estuarine Floodplain,55-85,Low-Medium,"Soft, compressible soils with high water table. Significant flood risk."
Bheramara,Ganges River Floodplain,70-100,Medium,Risk of flooding. Soil can be soft and compressible.
Bhola Sadar,Young Meghna Estuarine Floodplain,55-85,Low-Medium,"Soft, compressible soils with high water table. Significant flood risk."
Bholahat,Barind Tract,100-130,Medium-High,Generally stable but can be hard and compacted in dry season.
Bhuapur,Old Brahmaputra Floodplain,80-110,Medium,Moderate flood risk. Mixed sand and silt soils.
Bhurungamari,Old Himalayan Piedmont Plain,120-150,High,"Stable, well-drained land. Good for all types of foundations."
Bijoynagar,Old Meghna Estuarine Floodplain,75-105,Medium,Some flood risk. Soil is more consolidated than young floodplains.
Biman Bandar,Madhupur Tract,90-120,Medium-High,Moderately stable. Shrink-swell potential in dry seasons.
Biral,Barind Tract,100-130,Medium-High,Generally stable but can be hard and compacted in dry season.
Birampur,Barind Tract,100-130,Medium-High,Generally stable but can be hard and compacted in dry season.
Birganj,Old Himalayan Piedmont Plain,120-150,High,"Stable, well-drained land. Good for all types of foundations."
Bishwambarpur,Surma-Kushiyara Floodplain,60-90,Medium,"Very low-lying, high flood risk. Soft, organic-rich soils."
Bishwanath,Surma-Kushiyara Floodplain,60-90,Medium,"Very low-lying, high flood risk. Soft, organic-rich soils."
Boalia,Barind Tract,100-130,Medium-High,Generally stable but can be hard and compacted in dry season.
Boalkhali,Young Tidal Floodplain,50-80,Low-Medium,"Very soft, saline, and compressible. High water table. Special foundations needed."
Boalmari,Ganges River Floodplain,70-100,Medium,Risk of flooding. Soil can be soft and compressible.
Bochaganj,Old Himalayan Piedmont Plain,120-150,High,"Stable, well-drained land. Good for all types of foundations."
Boda,Old Himalayan Piedmont Plain,120-150,High,"Stable, well-drained land. Good for all types of foundations."
Bogra Sadar,Barind Tract,100-130,Medium-High,Generally stable but can be hard and compacted in dry season.
Brahman Para,Old Meghna Estuarine Floodplain,75-105,Medium,Some flood risk. Soil is more consolidated than young floodplains.
Brahmanbaria Sadar,Old Meghna Estuarine Floodplain,75-105,Medium,Some flood risk. Soil is more consolidated than young floodplains.
Burhanuddin,Young Meghna Estuarine Floodplain,55-85,Low-Medium,"Soft, compressible soils with high water table. Significant flood risk."
Burichang,Old Meghna Estuarine Floodplain,75-105,Medium,Some flood risk. Soil is more consolidated than young floodplains.
Cantonment,Madhupur Tract,90-120,Medium-High,Moderately stable. Shrink-swell potential in dry seasons.
Chak Bazar,Madhupur Tract,90-120,Medium-High,Moderately stable. Shrink-swell potential in dry seasons.
Chakaria,Young Tidal Floodplain,50-80,Low-Medium,"Very soft, saline, and compressible. High water table. Special foundations needed."
Chandanaish,Young Tidal Floodplain,50-80,Low-Medium,"Very soft, saline, and compressible. High water table. Special foundations needed."
Chandgaon,Young Tidal Floodplain,50-80,Low-Medium,"Very soft, saline, and compressible. High water table. Special foundations needed."
Chandina,Old Meghna Estuarine Floodplain,75-105,Medium,Some flood risk. Soil is more consolidated than young floodplains.
Chandpur Sadar,Young Meghna Estuarine Floodplain,55-85,Low-Medium,"Soft, compressible soils with high water table. Significant flood risk."
Char Bhadrasan,Ganges River Floodplain,70-100,Medium,Risk of flooding. Soil can be soft and compressible.
Char Fasson,Young Meghna Estuarine Floodplain,55-85,Low-Medium,"Soft, compressible soils with high water table. Significant flood risk."
Char Rajibpur,Old Brahmaputra Floodplain,80-110,Medium,Moderate flood risk. Mixed sand and silt soils.
Charghat,Ganges River Floodplain,70-100,Medium,Risk of flooding. Soil can be soft and compressible.
Chatkhil,Young Meghna Estuarine Floodplain,55-85,Low-Medium,"Soft, compressible soils with high water table. Significant flood risk."
Chatmohar,Barind Tract,100-130,Medium-High,Generally stable but can be hard and compacted in dry season.
Chauddagram,Old Meghna Estuarine Floodplain,75-105,Medium,Some flood risk. Soil is more consolidated than young floodplains.
Chaugachha,Ganges River Floodplain,70-100,Medium,Risk of flooding. Soil can be soft and compressible.
Chauhali,Old Brahmaputra Floodplain,80-110,Medium,Moderate flood risk. Mixed sand and silt soils.
Chhagalnaiya,Young Meghna Estuarine Floodplain,55-85,Low-Medium,"Soft, compressible soils with high water table. Significant flood risk."
Chhatak,Surma-Kushiyara Floodplain,60-90,Medium,"Very low-lying, high flood risk. Soft, organic-rich soils."
Chilmari,Old Brahmaputra Floodplain,80-110,Medium,Moderate flood risk. Mixed sand and silt soils.
Chirirbandar,Barind Tract,100-130,Medium-High,Generally stable but can be hard and compacted in dry season.
Chitalmari,Young Tidal Floodplain,50-80,Low-Medium,"Very soft, saline, and compressible. High water table. Special foundations needed."
Chittagong Port,Young Tidal Floodplain,50-80,Low-Medium,"Very soft, saline, and compressible. High water table. Special foundations needed."
Chuadanga Sadar,Ganges River Floodplain,70-100,Medium,Risk of flooding. Soil can be soft and compressible.
Chunarughat,Surma-Kushiyara Floodplain,60-90,Medium,"Very low-lying, high flood risk. Soft, organic-rich soils."
Comilla Adarsha Sadar,Old Meghna Estuarine Floodplain,75-105,Medium,Some flood risk. Soil is more consolidated than young floodplains.
Comilla Sadar Dakshin,Old Meghna Estuarine Floodplain,75-105,Medium,Some flood risk. Soil is more consolidated than young floodplains.
Companiganj,Young Tidal Floodplain,50-80,Low-Medium,"Very soft, saline, and compressible. High water table. Special foundations needed."
Companiganj,Surma-Kushiyara Floodplain,60-90,Medium,"Very low-lying, high flood risk. Soft, organic-rich soils."
Cox's Bazar Sadar,Young Tidal Floodplain,50-80,Low-Medium,"Very soft, saline, and compressible. High water table. Special foundations needed."
Dacope,Young Tidal Floodplain,50-80,Low-Medium,"Very soft, saline, and compressible. High water table. Special foundations needed."
Daganbhuiyan,Young Meghna Estuarine Floodplain,55-85,Low-Medium,"Soft, compressible soils with high water table. Significant flood risk."
Dakshin Sunamganj,Surma-Kushiyara Floodplain,60-90,Medium,"Very low-lying, high flood risk. Soft, organic-rich soils."
Dakshin Surma,Surma-Kushiyara Floodplain,60-90,Medium,"Very low-lying, high flood risk. Soft, organic-rich soils."
Dakshinkhan,Madhupur Tract,90-120,Medium-High,Moderately stable. Shrink-swell potential in dry seasons.
Damudya,Young Meghna Estuarine Floodplain,55-85,Low-Medium,"Soft, compressible soils with high water table. Significant flood risk."
Damurhuda,Ganges River Floodplain,70-100,Medium,Risk of flooding. Soil can be soft and compressible.
Darus Salam,Madhupur Tract,90-120,Medium-High,Moderately stable. Shrink-swell potential in dry seasons.
Dashmina,Young Tidal Floodplain,50-80,Low-Medium,"Very soft, saline, and compressible. High water table. Special foundations needed."
Daudkandi,Old Meghna Estuarine Floodplain,75-105,Medium,Some flood risk. Soil is more consolidated than young floodplains.
Daulatkhan,Young Meghna Estuarine Floodplain,55-85,Low-Medium,"Soft, compressible soils with high water table. Significant flood risk."
Daulatpur,Ganges River Floodplain,70-100,Medium,Risk of flooding. Soil can be soft and compressible.
Daulatpur,Young Tidal Floodplain,50-80,Low-Medium,"Very soft, saline, and compressible. High water table. Special foundations needed."
Daulatpur,Ganges River Floodplain,70-100,Medium,Risk of flooding. Soil can be soft and compressible.
Debhata,Young Tidal Floodplain,50-80,Low-Medium,"Very soft, saline, and compressible. High water table. Special foundations needed."
Debidwar,Old Meghna Estuarine Floodplain,75-105,Medium,Some flood risk. Soil is more consolidated than young floodplains.
Debiganj,Old Himalayan Piedmont Plain,120-150,High,"Stable, well-drained land. Good for all types of foundations."
Delduar,Madhupur Tract,90-120,Medium-High,Moderately stable. Shrink-swell potential in dry seasons.
Demra,Madhupur Tract,90-120,Medium-High,Moderately stable. Shrink-swell potential in dry seasons.
Derai,Surma-Kushiyara Floodplain,60-90,Medium,"Very low-lying, high flood risk. Soft, organic-rich soils."
Dewanganj,Old Brahmaputra Floodplain,80-110,Medium,Moderate flood risk. Mixed sand and silt soils.
Dhamoirhat,Barind Tract,100-130,Medium-High,Generally stable but can be hard and compacted in dry season.
Dhamrai,Madhupur Tract,90-120,Medium-High,Moderately stable. Shrink-swell potential in dry seasons.
Dhanbari,Madhupur Tract,90-120,Medium-High,Moderately stable. Shrink-swell potential in dry seasons.
Dhanmondi,Madhupur Tract,90-120,Medium-High,Moderately stable. Shrink-swell potential in dry seasons.
Dharampasha,Surma-Kushiyara Floodplain,60-90,Medium,"Very low-lying, high flood risk. Soft, organic-rich soils."
Dhobaura,Madhupur Tract,90-120,Medium-High,Moderately stable. Shrink-swell potential in dry seasons.
Dhunat,Barind Tract,100-130,Medium-High,Generally stable but can be hard and compacted in dry season.
Dhupchanchia,Barind Tract,100-130,Medium-High,Generally stable but can be hard and compacted in dry season.
Dighalia,Young Tidal Floodplain,50-80,Low-Medium,"Very soft, saline, and compressible. High water table. Special foundations needed."
Dighinala,Hill Soils,80-110,Low-Medium,High erosion and landslide risk. Requires extensive geotechnical investigation.
Dimla,Old Himalayan Piedmont Plain,120-150,High,"Stable, well-drained land. Good for all types of foundations."
Dinajpur Sadar,Old Himalayan Piedmont Plain,120-150,High,"Stable, well-drained land. Good for all types of foundations."
Dohar,Young Meghna Estuarine Floodplain,55-85,Low-Medium,"Soft, compressible soils with high water table. Significant flood risk."
Domar,Old Himalayan Piedmont Plain,120-150,High,"Stable, well-drained land. Good for all types of foundations."
Double Mooring,Young Tidal Floodplain,50-80,Low-Medium,"Very soft, saline, and compressible. High water table. Special foundations needed."
Dowarabazar,Surma-Kushiyara Floodplain,60-90,Medium,"Very low-lying, high flood risk. Soft, organic-rich soils."
Dumki,Young Tidal Floodplain,50-80,Low-Medium,"Very soft, saline, and compressible. High water table. Special foundations needed."
Dumuria,Young Tidal Floodplain,50-80,Low-Medium,"Very soft, saline, and compressible. High water table. Special foundations needed."
Durgapur,Madhupur Tract,90-120,Medium-High,Moderately stable. Shrink-swell potential in dry seasons.
Durgapur,Barind Tract,100-130,Medium-High,Generally stable but can be hard and compacted in dry season.
Fakirhat,Young Tidal Floodplain,50-80,Low-Medium,"Very soft, saline, and compressible. High water table. Special foundations needed."
Faridganj,Young Meghna Estuarine Floodplain,55-85,Low-Medium,"Soft, compressible soils with high water table. Significant flood risk."
Faridpur,Barind Tract,100-130,Medium-High,Generally stable but can be hard and compacted in dry season.
Faridpur Sadar,Ganges River Floodplain,70-100,Medium,Risk of flooding. Soil can be soft and compressible.
Fatikchhari,Hill Soils,80-110,Low-Medium,High erosion and landslide risk. Requires extensive geotechnical investigation.
Fenchuganj,Surma-Kushiyara Floodplain,60-90,Medium,"Very low-lying, high flood risk. Soft, organic-rich soils."
Feni Sadar,Young Meghna Estuarine Floodplain,55-85,Low-Medium,"Soft, compressible soils with high water table. Significant flood risk."
Fulbari,Barind Tract,100-130,Medium-High,Generally stable but can be hard and compacted in dry season.
Fulbaria,Madhupur Tract,90-120,Medium-High,Moderately stable. Shrink-swell potential in dry seasons.
Fulchhari,Old Brahmaputra Floodplain,80-110,Medium,Moderate flood risk. Mixed sand and silt soils.
Fulgazi,Young Meghna Estuarine Floodplain,55-85,Low-Medium,"Soft, compressible soils with high water table. Significant flood risk."
Gabtali,Barind Tract,100-130,Medium-High,Generally stable but can be hard and compacted in dry season.
Gaffargaon,Old Meghna Estuarine Floodplain,75-105,Medium,Some flood risk. Soil is more consolidated than young floodplains.
Gaibandha Sadar,Old Brahmaputra Floodplain,80-110,Medium,Moderate flood risk. Mixed sand and silt soils.
Galachipa,Young Tidal Floodplain,50-80,Low-Medium,"Very soft, saline, and compressible. High water table. Special foundations needed."
Gangachara,Old Himalayan Piedmont Plain,120-150,High,"Stable, well-drained land. Good for all types of foundations."
Gangni,Ganges River Floodplain,70-100,Medium,Risk of flooding. Soil can be soft and compressible.
Gauripur,Old Meghna Estuarine Floodplain,75-105,Medium,Some flood risk. Soil is more consolidated than young floodplains.
Gaurnadi,Young Tidal Floodplain,50-80,Low-Medium,"Very soft, saline, and compressible. High water table. Special foundations needed."
Gazaria,Young Meghna Estuarine Floodplain,55-85,Low-Medium,"Soft, compressible soils with high water table. Significant flood risk."
Gazipur Sadar,Madhupur Tract,90-120,Medium-High,Moderately stable. Shrink-swell potential in dry seasons.
Gendaria,Madhupur Tract,90-120,Medium-High,Moderately stable. Shrink-swell potential in dry seasons.
Ghatail,Madhupur Tract,90-120,Medium-High,Moderately stable. Shrink-swell potential in dry seasons.
Ghior,Madhupur Tract,90-120,Medium-High,Moderately stable. Shrink-swell potential in dry seasons.
Ghoraghat,Barind Tract,100-130,Medium-High,Generally stable but can be hard and compacted in dry season.
Goalandaghat,Ganges River Floodplain,70-100,Medium,Risk of flooding. Soil can be soft and compressible.
Gobindaganj,Barind Tract,100-130,Medium-High,Generally stable but can be hard and compacted in dry season.
Godagari,Barind Tract,100-130,Medium-High,Generally stable but can be hard and compacted in dry season.
Golabganj,Surma-Kushiyara Floodplain,60-90,Medium,"Very low-lying, high flood risk. Soft, organic-rich soils."
Gomastapur,Barind Tract,100-130,Medium-High,Generally stable but can be hard and compacted in dry season.
Gopalganj Sadar,Young Meghna Estuarine Floodplain,55-85,Low-Medium,"Soft, compressible soils with high water table. Significant flood risk."
Gopalpur,Madhupur Tract,90-120,Medium-High,Moderately stable. Shrink-swell potential in dry seasons.
Gosairhat,Young Meghna Estuarine Floodplain,55-85,Low-Medium,"Soft, compressible soils with high water table. Significant flood risk."
Gowainghat,Surma-Kushiyara Floodplain,60-90,Medium,"Very low-lying, high flood risk. Soft, organic-rich soils."
Gulshan,Madhupur Tract,90-120,Medium-High,Moderately stable. Shrink-swell potential in dry seasons.
Gurudaspur,Barind Tract,100-130,Medium-High,Generally stable but can be hard and compacted in dry season.
Habiganj Sadar,Surma-Kushiyara Floodplain,60-90,Medium,"Very low-lying, high flood risk. Soft, organic-rich soils."
Haim Char,Young Meghna Estuarine Floodplain,55-85,Low-Medium,"Soft, compressible soils with high water table. Significant flood risk."
Hajiganj,Young Meghna Estuarine Floodplain,55-85,Low-Medium,"Soft, compressible soils with high water table. Significant flood risk."
Hakimpur,Barind Tract,100-130,Medium-High,Generally stable but can be hard and compacted in dry season.
Halishahar,Young Tidal Floodplain,50-80,Low-Medium,"Very soft, saline, and compressible. High water table. Special foundations needed."
Haluaghat,Madhupur Tract,90-120,Medium-High,Moderately stable. Shrink-swell potential in dry seasons.
Harinakunda,Ganges River Floodplain,70-100,Medium,Risk of flooding. Soil can be soft and compressible.
Haripur,Old Himalayan Piedmont Plain,120-150,High,"Stable, well-drained land. Good for all types of foundations."
Harirampur,Ganges River Floodplain,70-100,Medium,Risk of flooding. Soil can be soft and compressible.
Hathazari,Hill Soils,80-110,Low-Medium,High erosion and landslide risk. Requires extensive geotechnical investigation.
Hatibandha,Old Himalayan Piedmont Plain,120-150,High,"Stable, well-drained land. Good for all types of foundations."
Hatiya,Young Meghna Estuarine Floodplain,55-85,Low-Medium,"Soft, compressible soils with high water table. Significant flood risk."
Hazaribagh,Madhupur Tract,90-120,Medium-High,Moderately stable. Shrink-swell potential in dry seasons.
Hizla,Young Tidal Floodplain,50-80,Low-Medium,"Very soft, saline, and compressible. High water table. Special foundations needed."
Homna,Old Meghna Estuarine Floodplain,75-105,Medium,Some flood risk. Soil is more consolidated than young floodplains.
Hossainpur,Old Meghna Estuarine Floodplain,75-105,Medium,Some flood risk. Soil is more consolidated than young floodplains.
Ishwardi,Ganges River Floodplain,70-100,Medium,Risk of flooding. Soil can be soft and compressible.
Ishwarganj,Old Meghna Estuarine Floodplain,75-105,Medium,Some flood risk. Soil is more consolidated than young floodplains.
Islampur,Old Brahmaputra Floodplain,80-110,Medium,Moderate flood risk. Mixed sand and silt soils.
Itna,Old Meghna Estuarine Floodplain,75-105,Medium,Some flood risk. Soil is more consolidated than young floodplains.
Jagannathpur,Surma-Kushiyara Floodplain,60-90,Medium,"Very low-lying, high flood risk. Soft, organic-rich soils."
Jaintiapur,Surma-Kushiyara Floodplain,60-90,Medium,"Very low-lying, high flood risk. Soft, organic-rich soils."
Jaldhaka,Old Himalayan Piedmont Plain,120-150,High,"Stable, well-drained land. Good for all types of foundations."
Jamalganj,Surma-Kushiyara Floodplain,60-90,Medium,"Very low-lying, high flood risk. Soft, organic-rich soils."
Jamalpur Sadar,Old Brahmaputra Floodplain,80-110,Medium,Moderate flood risk. Mixed sand and silt soils.
Jatrabari,Madhupur Tract,90-120,Medium-High,Moderately stable. Shrink-swell potential in dry seasons.
Jhalokati Sadar,Young Tidal Floodplain,50-80,Low-Medium,"Very soft, saline, and compressible. High water table. Special foundations needed."
Jhenaidah Sadar,Ganges River Floodplain,70-100,Medium,Risk of flooding. Soil can be soft and compressible.
Jhenaigati,Madhupur Tract,90-120,Medium-High,Moderately stable. Shrink-swell potential in dry seasons.
Jhikargachha,Ganges River Floodplain,70-100,Medium,Risk of flooding. Soil can be soft and compressible.
Jiban Nagar,Ganges River Floodplain,70-100,Medium,Risk of flooding. Soil can be soft and compressible.
Joypurhat Sadar,Barind Tract,100-130,Medium-High,Generally stable but can be hard and compacted in dry season.
Jurai Chhari,Hill Soils,80-110,Low-Medium,High erosion and landslide risk. Requires extensive geotechnical investigation.
Juri,Surma-Kushiyara Floodplain,60-90,Medium,"Very low-lying, high flood risk. Soft, organic-rich soils."
Kabirhat,Young Meghna Estuarine Floodplain,55-85,Low-Medium,"Soft, compressible soils with high water table. Significant flood risk."
Kachua,Old Meghna Estuarine Floodplain,75-105,Medium,Some flood risk. Soil is more consolidated than young floodplains.
Kachua,Young Tidal Floodplain,50-80,Low-Medium,"Very soft, saline, and compressible. High water table. Special foundations needed."
Kadamtali,Madhupur Tract,90-120,Medium-High,Moderately stable. Shrink-swell potential in dry seasons.
Kafrul,Madhupur Tract,90-120,Medium-High,Moderately stable. Shrink-swell potential in dry seasons.
Kahaloo,Barind Tract,100-130,Medium-High,Generally stable but can be hard and compacted in dry season.
Kaharole,Old Himalayan Piedmont Plain,120-150,High,"Stable, well-drained land. Good for all types of foundations."
Kala Para,Young Tidal Floodplain,50-80,Low-Medium,"Very soft, saline, and compressible. High water table. Special foundations needed."
Kalabagan,Madhupur Tract,90-120,Medium-High,Moderately stable. Shrink-swell potential in dry seasons.
Kalai,Barind Tract,100-130,Medium-High,Generally stable but can be hard and compacted in dry season.
Kalaroa,Young Tidal Floodplain,50-80,Low-Medium,"Very soft, saline, and compressible. High water table. Special foundations needed."
Kalia,Ganges River Floodplain,70-100,Medium,Risk of flooding. Soil can be soft and compressible.
Kaliakair,Madhupur Tract,90-120,Medium-High,Moderately stable. Shrink-swell potential in dry seasons.
Kaliganj,Madhupur Tract,90-120,Medium-High,Moderately stable. Shrink-swell potential in dry seasons.
Kaliganj,Ganges River Floodplain,70-100,Medium,Risk of flooding. Soil can be soft and compressible.
Kaliganj,Young Tidal Floodplain,50-80,Low-Medium,"Very soft, saline, and compressible. High water table. Special foundations needed."
Kaliganj,Old Himalayan Piedmont Plain,120-150,High,"Stable, well-drained land. Good for all types of foundations."
Kalihati,Madhupur Tract,90-120,Medium-High,Moderately stable. Shrink-swell potential in dry seasons.
Kalkini,Young Meghna Estuarine Floodplain,55-85,Low-Medium,"Soft, compressible soils with high water table. Significant flood risk."
Kalmakanda,Madhupur Tract,90-120,Medium-High,Moderately stable. Shrink-swell potential in dry seasons.
Kalukhali,Ganges River Floodplain,70-100,Medium,Risk of flooding. Soil can be soft and compressible.
Kamalganj,Surma-Kushiyara Floodplain,60-90,Medium,"Very low-lying, high flood risk. Soft, organic-rich soils."
Kamalnagar,Young Meghna Estuarine Floodplain,55-85,Low-Medium,"Soft, compressible soils with high water table. Significant flood risk."
Kamarkhanda,Barind Tract,100-130,Medium-High,Generally stable but can be hard and compacted in dry season.
Kamrangir Char,Madhupur Tract,90-120,Medium-High,Moderately stable. Shrink-swell potential in dry seasons.
Kanaighat,Surma-Kushiyara Floodplain,60-90,Medium,"Very low-lying, high flood risk. Soft, organic-rich soils."
Kanthalia,Young Tidal Floodplain,50-80,Low-Medium,"Very soft, saline, and compressible. High water table. Special foundations needed."
Kapasia,Madhupur Tract,90-120,Medium-High,Moderately stable. Shrink-swell potential in dry seasons.
Kaptai,Hill Soils,80-110,Low-Medium,High erosion and landslide risk. Requires extensive geotechnical investigation.
Karimganj,Old Meghna Estuarine Floodplain,75-105,Medium,Some flood risk. Soil is more consolidated than young floodplains.
Kasba,Old Meghna Estuarine Floodplain,75-105,Medium,Some flood risk. Soil is more consolidated than young floodplains.
Kashiani,Ganges River Floodplain,70-100,Medium,Risk of flooding. Soil can be soft and compressible.
Katiadi,Old Meghna Estuarine Floodplain,75-105,Medium,Some flood risk. Soil is more consolidated than young floodplains.
Kaunia,Old Brahmaputra Floodplain,80-110,Medium,Moderate flood risk. Mixed sand and silt soils.
Kawkhali,Young Tidal Floodplain,50-80,Low-Medium,"Very soft, saline, and compressible. High water table. Special foundations needed."
Kawkhali (Betbunia),Hill Soils,80-110,Low-Medium,High erosion and landslide risk. Requires extensive geotechnical investigation.
Kazipur,Ganges River Floodplain,70-100,Medium,Risk of flooding. Soil can be soft and compressible.
Kendua,Old Meghna Estuarine Floodplain,75-105,Medium,Some flood risk. Soil is more consolidated than young floodplains.
Keraniganj,Madhupur Tract,90-120,Medium-High,Moderately stable. Shrink-swell potential in dry seasons.
Keshabpur,Young Tidal Floodplain,50-80,Low-Medium,"Very soft, saline, and compressible. High water table. Special foundations needed."
Khagrachhari Sadar,Hill Soils,80-110,Low-Medium,High erosion and landslide risk. Requires extensive geotechnical investigation.
Khaliajuri,Surma-Kushiyara Floodplain,60-90,Medium,"Very low-lying, high flood risk. Soft, organic-rich soils."
Khalishpur,Young Tidal Floodplain,50-80,Low-Medium,"Very soft, saline, and compressible. High water table. Special foundations needed."
Khan Jahan Ali,Young Tidal Floodplain,50-80,Low-Medium,"Very soft, saline, and compressible. High water table. Special foundations needed."
Khansama,Old Himalayan Piedmont Plain,120-150,High,"Stable, well-drained land. Good for all types of foundations."
Khetlal,Barind Tract,100-130,Medium-High,Generally stable but can be hard and compacted in dry season.
Khilgaon,Madhupur Tract,90-120,Medium-High,Moderately stable. Shrink-swell potential in dry seasons.
Khilkhet,Madhupur Tract,90-120,Medium-High,Moderately stable. Shrink-swell potential in dry seasons.
Khoksa,Ganges River Floodplain,70-100,Medium,Risk of flooding. Soil can be soft and compressible.
Khulna Sadar,Young Tidal Floodplain,50-80,Low-Medium,"Very soft, saline, and compressible. High water table. Special foundations needed."
Khulshi,Young Tidal Floodplain,50-80,Low-Medium,"Very soft, saline, and compressible. High water table. Special foundations needed."
Kishoreganj,Old Himalayan Piedmont Plain,120-150,High,"Stable, well-drained land. Good for all types of foundations."
Kishoreganj Sadar,Old Meghna Estuarine Floodplain,75-105,Medium,Some flood risk. Soil is more consolidated than young floodplains.
Kotali Para,Young Meghna Estuarine Floodplain,55-85,Low-Medium,"Soft, compressible soils with high water table. Significant flood risk."
Kotchandpur,Ganges River Floodplain,70-100,Medium,Risk of flooding. Soil can be soft and compressible.
Kotwali,Young Tidal Floodplain,50-80,Low-Medium,"Very soft, saline, and compressible. High water table. Special foundations needed."
Kotwali,Madhupur Tract,90-120,Medium-High,Moderately stable. Shrink-swell potential in dry seasons.
Kotwali,Ganges River Floodplain,70-100,Medium,Risk of flooding. Soil can be soft and compressible.
Koyra,Young Tidal Floodplain,50-80,Low-Medium,"Very soft, saline, and compressible. High water table. Special foundations needed."
Kulaura,Surma-Kushiyara Floodplain,60-90,Medium,"Very low-lying, high flood risk. Soft, organic-rich soils."
Kuliar Char,Old Meghna Estuarine Floodplain,75-105,Medium,Some flood risk. Soil is more consolidated than young floodplains.
Kumarkhali,Ganges River Floodplain,70-100,Medium,Risk of flooding. Soil can be soft and compressible.
Kurigram Sadar,Old Brahmaputra Floodplain,80-110,Medium,Moderate flood risk. Mixed sand and silt soils.
Kushtia Sadar,Ganges River Floodplain,70-100,Medium,Risk of flooding. Soil can be soft and compressible.
Kutubdia,Young Tidal Floodplain,50-80,Low-Medium,"Very soft, saline, and compressible. High water table. Special foundations needed."
Lakhai,Surma-Kushiyara Floodplain,60-90,Medium,"Very low-lying, high flood risk. Soft, organic-rich soils."
Laksam,Old Meghna Estuarine Floodplain,75-105,Medium,Some flood risk. Soil is more consolidated than young floodplains.
Lakshmichhari,Hill Soils,80-110,Low-Medium,High erosion and landslide risk. Requires extensive geotechnical investigation.
Lakshmipur Sadar,Young Meghna Estuarine Floodplain,55-85,Low-Medium,"Soft, compressible soils with high water table. Significant flood risk."
Lalbagh,Madhupur Tract,90-120,Medium-High,Moderately stable. Shrink-swell potential in dry seasons.
Lalmohan,Young Meghna Estuarine Floodplain,55-85,Low-Medium,"Soft, compressible soils with high water table. Significant flood risk."
Lalmonirhat Sadar,Old Himalayan Piedmont Plain,120-150,High,"Stable, well-drained land. Good for all types of foundations."
Lalpur,Barind Tract,100-130,Medium-High,Generally stable but can be hard and compacted in dry season.
Lama,Hill Soils,80-110,Low-Medium,High erosion and landslide risk. Requires extensive geotechnical investigation.
Langadu,Hill Soils,80-110,Low-Medium,High erosion and landslide risk. Requires extensive geotechnical investigation.
Lohagara,Young Tidal Floodplain,50-80,Low-Medium,"Very soft, saline, and compressible. High water table. Special foundations needed."
Lohagara,Ganges River Floodplain,70-100,Medium,Risk of flooding. Soil can be soft and compressible.
Lohajang,Madhupur Tract,90-120,Medium-High,Moderately stable. Shrink-swell potential in dry seasons.
Madan,Surma-Kushiyara Floodplain,60-90,Medium,"Very low-lying, high flood risk. Soft, organic-rich soils."
Madarganj,Old Brahmaputra Floodplain,80-110,Medium,Moderate flood risk. Mixed sand and silt soils.
Madaripur Sadar,Young Meghna Estuarine Floodplain,55-85,Low-Medium,"Soft, compressible soils with high water table. Significant flood risk."
Madhabpur,Surma-Kushiyara Floodplain,60-90,Medium,"Very low-lying, high flood risk. Soft, organic-rich soils."
Madhukhali,Ganges River Floodplain,70-100,Medium,Risk of flooding. Soil can be soft and compressible.
Madhupur,Madhupur Tract,90-120,Medium-High,Moderately stable. Shrink-swell potential in dry seasons.
Magura Sadar,Ganges River Floodplain,70-100,Medium,Risk of flooding. Soil can be soft and compressible.
Mahadebpur,Barind Tract,100-130,Medium-High,Generally stable but can be hard and compacted in dry season.
Mahalchhari,Hill Soils,80-110,Low-Medium,High erosion and landslide risk. Requires extensive geotechnical investigation.
Maheshkhali,Young Tidal Floodplain,50-80,Low-Medium,"Very soft, saline, and compressible. High water table. Special foundations needed."
Maheshpur,Ganges River Floodplain,70-100,Medium,Risk of flooding. Soil can be soft and compressible.
Manda,Barind Tract,100-130,Medium-High,Generally stable but can be hard and compacted in dry season.
Manikchhari,Hill Soils,80-110,Low-Medium,High erosion and landslide risk. Requires extensive geotechnical investigation.
Manikganj Sadar,Madhupur Tract,90-120,Medium-High,Moderately stable. Shrink-swell potential in dry seasons.
Manirampur,Ganges River Floodplain,70-100,Medium,Risk of flooding. Soil can be soft and compressible.
Manohardi,Old Meghna Estuarine Floodplain,75-105,Medium,Some flood risk. Soil is more consolidated than young floodplains.
Manoharganj,Old Meghna Estuarine Floodplain,75-105,Medium,Some flood risk. Soil is more consolidated than young floodplains.
Manpura,Young Meghna Estuarine Floodplain,55-85,Low-Medium,"Soft, compressible soils with high water table. Significant flood risk."
Mathbaria,Young Tidal Floodplain,50-80,Low-Medium,"Very soft, saline, and compressible. High water table. Special foundations needed."
Matihar,Barind Tract,100-130,Medium-High,Generally stable but can be hard and compacted in dry season.
Matiranga,Hill Soils,80-110,Low-Medium,High erosion and landslide risk. Requires extensive geotechnical investigation.
Matlab Dakshin,Young Meghna Estuarine Floodplain,55-85,Low-Medium,"Soft, compressible soils with high water table. Significant flood risk."
Matlab Uttar,Young Meghna Estuarine Floodplain,55-85,Low-Medium,"Soft, compressible soils with high water table. Significant flood risk."
Maulvi Bazar Sadar,Surma-Kushiyara Floodplain,60-90,Medium,"Very low-lying, high flood risk. Soft, organic-rich soils."
Meghna,Young Meghna Estuarine Floodplain,55-85,Low-Medium,"Soft, compressible soils with high water table. Significant flood risk."
Mehendiganj,Young Tidal Floodplain,50-80,Low-Medium,"Very soft, saline, and compressible. High water table. Special foundations needed."
Meherpur Sadar,Ganges River Floodplain,70-100,Medium,Risk of flooding. Soil can be soft and compressible.
Melandaha,Old Brahmaputra Floodplain,80-110,Medium,Moderate flood risk. Mixed sand and silt soils.
Mirpur,Madhupur Tract,90-120,Medium-High,Moderately stable. Shrink-swell potential in dry seasons.
Mirpur,Ganges River Floodplain,70-100,Medium,Risk of flooding. Soil can be soft and compressible.
Mirsharai,Young Tidal Floodplain,50-80,Low-Medium,"Very soft, saline, and compressible. High water table. Special foundations needed."
Mirzaganj,Young Tidal Floodplain,50-80,Low-Medium,"Very soft, saline, and compressible. High water table. Special foundations needed."
Mirzapur,Madhupur Tract,90-120,Medium-High,Moderately stable. Shrink-swell potential in dry seasons.
Mitha Pukur,Barind Tract,100-130,Medium-High,Generally stable but can be hard and compacted in dry season.
Mithamain,Old Meghna Estuarine Floodplain,75-105,Medium,Some flood risk. Soil is more consolidated than young floodplains.
Mohammadpur,Madhupur Tract,90-120,Medium-High,Moderately stable. Shrink-swell potential in dry seasons.
Mohammadpur,Ganges River Floodplain,70-100,Medium,Risk of flooding. Soil can be soft and compressible.
Mohanganj,Old Meghna Estuarine Floodplain,75-105,Medium,Some flood risk. Soil is more consolidated than young floodplains.
Mohanpur,Barind Tract,100-130,Medium-High,Generally stable but can be hard and compacted in dry season.
Mollahat,Young Tidal Floodplain,50-80,Low-Medium,"Very soft, saline, and compressible. High water table. Special foundations needed."
Mongla,Young Tidal Floodplain,50-80,Low-Medium,"Very soft, saline, and compressible. High water table. Special foundations needed."
Morrelganj,Young Tidal Floodplain,50-80,Low-Medium,"Very soft, saline, and compressible. High water table. Special foundations needed."
Motijheel,Madhupur Tract,90-120,Medium-High,Moderately stable. Shrink-swell potential in dry seasons.
Mujib Nagar,Ganges River Floodplain,70-100,Medium,Risk of flooding. Soil can be soft and compressible.
Muksudpur,Ganges River Floodplain,70-100,Medium,Risk of flooding. Soil can be soft and compressible.
Muktagachha,Madhupur Tract,90-120,Medium-High,Moderately stable. Shrink-swell potential in dry seasons.
Muladi,Young Tidal Floodplain,50-80,Low-Medium,"Very soft, saline, and compressible. High water table. Special foundations needed."
Munshiganj Sadar,Madhupur Tract,90-120,Medium-High,Moderately stable. Shrink-swell potential in dry seasons.
Muradnagar,Old Meghna Estuarine Floodplain,75-105,Medium,Some flood risk. Soil is more consolidated than young floodplains.
Mymensingh Sadar,Madhupur Tract,90-120,Medium-High,Moderately stable. Shrink-swell potential in dry seasons.
Nabiganj,Surma-Kushiyara Floodplain,60-90,Medium,"Very low-lying, high flood risk. Soft, organic-rich soils."
Nabinagar,Old Meghna Estuarine Floodplain,75-105,Medium,Some flood risk. Soil is more consolidated than young floodplains.
Nachole,Barind Tract,100-130,Medium-High,Generally stable but can be hard and compacted in dry season.
Nagarkanda,Ganges River Floodplain,70-100,Medium,Risk of flooding. Soil can be soft and compressible.
Nagarpur,Madhupur Tract,90-120,Medium-High,Moderately stable. Shrink-swell potential in dry seasons.
Nageshwari,Old Himalayan Piedmont Plain,120-150,High,"Stable, well-drained land. Good for all types of foundations."
Naikhongchhari,Hill Soils,80-110,Low-Medium,High erosion and landslide risk. Requires extensive geotechnical investigation.
Nakla,Madhupur Tract,90-120,Medium-High,Moderately stable. Shrink-swell potential in dry seasons.
Nalchity,Young Tidal Floodplain,50-80,Low-Medium,"Very soft, saline, and compressible. High water table. Special foundations needed."
Nalitabari,Madhupur Tract,90-120,Medium-High,Moderately stable. Shrink-swell potential in dry seasons.
Nandail,Old Meghna Estuarine Floodplain,75-105,Medium,Some flood risk. Soil is more consolidated than young floodplains.
Nandigram,Barind Tract,100-130,Medium-High,Generally stable but can be hard and compacted in dry season.
Nangalkot,Old Meghna Estuarine Floodplain,75-105,Medium,Some flood risk. Soil is more consolidated than young floodplains.
Naniarchar,Hill Soils,80-110,Low-Medium,High erosion and landslide risk. Requires extensive geotechnical investigation.
Naogaon Sadar,Barind Tract,100-130,Medium-High,Generally stable but can be hard and compacted in dry season.
Narail Sadar,Ganges River Floodplain,70-100,Medium,Risk of flooding. Soil can be soft and compressible.
Narayanganj Sadar,Madhupur Tract,90-120,Medium-High,Moderately stable. Shrink-swell potential in dry seasons.
Naria,Young Meghna Estuarine Floodplain,55-85,Low-Medium,"Soft, compressible soils with high water table. Significant flood risk."
Narsingdi Sadar,Old Meghna Estuarine Floodplain,75-105,Medium,Some flood risk. Soil is more consolidated than young floodplains.
Nasirnagar,Old Meghna Estuarine Floodplain,75-105,Medium,Some flood risk. Soil is more consolidated than young floodplains.
Natore Sadar,Barind Tract,100-130,Medium-High,Generally stable but can be hard and compacted in dry season.
Nawabganj,Madhupur Tract,90-120,Medium-High,Moderately stable. Shrink-swell potential in dry seasons.
Nawabganj,Barind Tract,100-130,Medium-High,Generally stable but can be hard and compacted in dry season.
Nawabganj Sadar,Barind Tract,100-130,Medium-High,Generally stable but can be hard and compacted in dry season.
Nazirpur,Young Tidal Floodplain,50-80,Low-Medium,"Very soft, saline, and compressible. High water table. Special foundations needed."
Nesarabad (Swarupkati),Young Tidal Floodplain,50-80,Low-Medium,"Very soft, saline, and compressible. High water table. Special foundations needed."
Netrokona Sadar,Madhupur Tract,90-120,Medium-High,Moderately stable. Shrink-swell potential in dry seasons.
New Market,Madhupur Tract,90-120,Medium-High,Moderately stable. Shrink-swell potential in dry seasons.
Niamatpur,Barind Tract,100-130,Medium-High,Generally stable but can be hard and compacted in dry season.
Nikli,Old Meghna Estuarine Floodplain,75-105,Medium,Some flood risk. Soil is more consolidated than young floodplains.
Nilphamari Sadar,Old Himalayan Piedmont Plain,120-150,High,"Stable, well-drained land. Good for all types of foundations."
Noakhali Sadar (Sudharam),Young Meghna Estuarine Floodplain,55-85,Low-Medium,"Soft, compressible soils with high water table. Significant flood risk."
Paba,Barind Tract,100-130,Medium-High,Generally stable but can be hard and compacted in dry season.
Pabna Sadar,Ganges River Floodplain,70-100,Medium,Risk of flooding. Soil can be soft and compressible.
Pahartali,Young Tidal Floodplain,50-80,Low-Medium,"Very soft, saline, and compressible. High water table. Special foundations needed."
Paikgachha,Young Tidal Floodplain,50-80,Low-Medium,"Very soft, saline, and compressible. High water table. Special foundations needed."
Pakundia,Old Meghna Estuarine Floodplain,75-105,Medium,Some flood risk. Soil is more consolidated than young floodplains.
Palash,Old Meghna Estuarine Floodplain,75-105,Medium,Some flood risk. Soil is more consolidated than young floodplains.
Palashbari,Old Brahmaputra Floodplain,80-110,Medium,Moderate flood risk. Mixed sand and silt soils.
Pallabi,Madhupur Tract,90-120,Medium-High,Moderately stable. Shrink-swell potential in dry seasons.
Paltan,Madhupur Tract,90-120,Medium-High,Moderately stable. Shrink-swell potential in dry seasons.
Panchagarh Sadar,Old Himalayan Piedmont Plain,120-150,High,"Stable, well-drained land. Good for all types of foundations."
Panchbibi,Barind Tract,100-130,Medium-High,Generally stable but can be hard and compacted in dry season.
Panchhari,Hill Soils,80-110,Low-Medium,High erosion and landslide risk. Requires extensive geotechnical investigation.
Panchlaish,Young Tidal Floodplain,50-80,Low-Medium,"Very soft, saline, and compressible. High water table. Special foundations needed."
Pangsha,Ganges River Floodplain,70-100,Medium,Risk of flooding. Soil can be soft and compressible.
Parbatipur,Barind Tract,100-130,Medium-High,Generally stable but can be hard and compacted in dry season.
Parshuram,Young Meghna Estuarine Floodplain,55-85,Low-Medium,"Soft, compressible soils with high water table. Significant flood risk."
Patenga,Young Tidal Floodplain,50-80,Low-Medium,"Very soft, saline, and compressible. High water table. Special foundations needed."
Patgram,Old Himalayan Piedmont Plain,120-150,High,"Stable, well-drained land. Good for all types of foundations."
Patharghata,Young Tidal Floodplain,50-80,Low-Medium,"Very soft, saline, and compressible. High water table. Special foundations needed."
Patiya,Young Tidal Floodplain,50-80,Low-Medium,"Very soft, saline, and compressible. High water table. Special foundations needed."
Patnitala,Barind Tract,100-130,Medium-High,Generally stable but can be hard and compacted in dry season.
Patuakhali Sadar,Young Tidal Floodplain,50-80,Low-Medium,"Very soft, saline, and compressible. High water table. Special foundations needed."
Pekua,Young Tidal Floodplain,50-80,Low-Medium,"Very soft, saline, and compressible. High water table. Special foundations needed."
Phulbari,Old Himalayan Piedmont Plain,120-150,High,"Stable, well-drained land. Good for all types of foundations."
Phulpur,Madhupur Tract,90-120,Medium-High,Moderately stable. Shrink-swell potential in dry seasons.
Phultala,Young Tidal Floodplain,50-80,Low-Medium,"Very soft, saline, and compressible. High water table. Special foundations needed."
Pirgachha,Old Brahmaputra Floodplain,80-110,Medium,Moderate flood risk. Mixed sand and silt soils.
Pirganj,Barind Tract,100-130,Medium-High,Generally stable but can be hard and compacted in dry season.
Pirganj,Old Himalayan Piedmont Plain,120-150,High,"Stable, well-drained land. Good for all types of foundations."
Pirojpur Sadar,Young Tidal Floodplain,50-80,Low-Medium,"Very soft, saline, and compressible. High water table. Special foundations needed."
Porsha,Barind Tract,100-130,Medium-High,Generally stable but can be hard and compacted in dry season.
Purbadhala,Madhupur Tract,90-120,Medium-High,Moderately stable. Shrink-swell potential in dry seasons.
Puthia,Barind Tract,100-130,Medium-High,Generally stable but can be hard and compacted in dry season.
Rajapur,Young Tidal Floodplain,50-80,Low-Medium,"Very soft, saline, and compressible. High water table. Special foundations needed."
Rajarhat,Old Brahmaputra Floodplain,80-110,Medium,Moderate flood risk. Mixed sand and silt soils.
Rajasthali,Hill Soils,80-110,Low-Medium,High erosion and landslide risk. Requires extensive geotechnical investigation.
Rajbari Sadar,Ganges River Floodplain,70-100,Medium,Risk of flooding. Soil can be soft and compressible.
Rajnagar,Surma-Kushiyara Floodplain,60-90,Medium,"Very low-lying, high flood risk. Soft, organic-rich soils."
Rajoir,Young Meghna Estuarine Floodplain,55-85,Low-Medium,"Soft, compressible soils with high water table. Significant flood risk."
Rajpara,Barind Tract,100-130,Medium-High,Generally stable but can be hard and compacted in dry season.
Ramganj,Young Meghna Estuarine Floodplain,55-85,Low-Medium,"Soft, compressible soils with high water table. Significant flood risk."
Ramgarh,Hill Soils,80-110,Low-Medium,High erosion and landslide risk. Requires extensive geotechnical investigation.
Ramgati,Young Meghna Estuarine Floodplain,55-85,Low-Medium,"Soft, compressible soils with high water table. Significant flood risk."
Ramna,Madhupur Tract,90-120,Medium-High,Moderately stable. Shrink-swell potential in dry seasons.
Rampal,Young Tidal Floodplain,50-80,Low-Medium,"Very soft, saline, and compressible. High water table. Special foundations needed."
Rampura,Madhupur Tract,90-120,Medium-High,Moderately stable. Shrink-swell potential in dry seasons.
Ramu,Young Tidal Floodplain,50-80,Low-Medium,"Very soft, saline, and compressible. High water table. Special foundations needed."
Rangamati Sadar,Hill Soils,80-110,Low-Medium,High erosion and landslide risk. Requires extensive geotechnical investigation.
Rangpur Sadar,Old Himalayan Piedmont Plain,120-150,High,"Stable, well-drained land. Good for all types of foundations."
Rangunia,Young Tidal Floodplain,50-80,Low-Medium,"Very soft, saline, and compressible. High water table. Special foundations needed."
Raninagar,Barind Tract,100-130,Medium-High,Generally stable but can be hard and compacted in dry season.
Ranisankail,Old Himalayan Piedmont Plain,120-150,High,"Stable, well-drained land. Good for all types of foundations."
Raozan,Young Tidal Floodplain,50-80,Low-Medium,"Very soft, saline, and compressible. High water table. Special foundations needed."
Raumari,Old Brahmaputra Floodplain,80-110,Medium,Moderate flood risk. Mixed sand and silt soils.
Rowangchhari,Hill Soils,80-110,Low-Medium,High erosion and landslide risk. Requires extensive geotechnical investigation.
Royganj,Barind Tract,100-130,Medium-High,Generally stable but can be hard and compacted in dry season.
Roypur,Young Meghna Estuarine Floodplain,55-85,Low-Medium,"Soft, compressible soils with high water table. Significant flood risk."
Roypura,Old Meghna Estuarine Floodplain,75-105,Medium,Some flood risk. Soil is more consolidated than young floodplains.
Ruma,Hill Soils,80-110,Low-Medium,High erosion and landslide risk. Requires extensive geotechnical investigation.
Rupganj,Old Meghna Estuarine Floodplain,75-105,Medium,Some flood risk. Soil is more consolidated than young floodplains.
Rupsa,Young Tidal Floodplain,50-80,Low-Medium,"Very soft, saline, and compressible. High water table. Special foundations needed."
Sabujbagh,Madhupur Tract,90-120,Medium-High,Moderately stable. Shrink-swell potential in dry seasons.
Sadarpur,Madhupur Tract,90-120,Medium-High,Moderately stable. Shrink-swell potential in dry seasons.
Sadullapur,Old Brahmaputra Floodplain,80-110,Medium,Moderate flood risk. Mixed sand and silt soils.
Saghatta,Old Brahmaputra Floodplain,80-110,Medium,Moderate flood risk. Mixed sand and silt soils.
Saidpur,Old Himalayan Piedmont Plain,120-150,High,"Stable, well-drained land. Good for all types of foundations."
Sakhipur,Madhupur Tract,90-120,Medium-High,Moderately stable. Shrink-swell potential in dry seasons.
Saltha,Ganges River Floodplain,70-100,Medium,Risk of flooding. Soil can be soft and compressible.
Sandwip,Young Meghna Estuarine Floodplain,55-85,Low-Medium,"Soft, compressible soils with high water table. Significant flood risk."
Santhia,Ganges River Floodplain,70-100,Medium,Risk of flooding. Soil can be soft and compressible.
Sapahar,Barind Tract,100-130,Medium-High,Generally stable but can be hard and compacted in dry season.
Sarail,Old Meghna Estuarine Floodplain,75-105,Medium,Some flood risk. Soil is more consolidated than young floodplains.
Sarankhola,Young Tidal Floodplain,50-80,Low-Medium,"Very soft, saline, and compressible. High water table. Special foundations needed."
Sariakandi,Barind Tract,100-130,Medium-High,Generally stable but can be hard and compacted in dry season.
Sarishabari,Old Brahmaputra Floodplain,80-110,Medium,Moderate flood risk. Mixed sand and silt soils.
Satkania,Young Tidal Floodplain,50-80,Low-Medium,"Very soft, saline, and compressible. High water table. Special foundations needed."
Satkhira Sadar,Young Tidal Floodplain,50-80,Low-Medium,"Very soft, saline, and compressible. High water table. Special foundations needed."
Saturia,Madhupur Tract,90-120,Medium-High,Moderately stable. Shrink-swell potential in dry seasons.
Savar,Madhupur Tract,90-120,Medium-High,Moderately stable. Shrink-swell potential in dry seasons.
Senbagh,Young Meghna Estuarine Floodplain,55-85,Low-Medium,"Soft, compressible soils with high water table. Significant flood risk."
Serajdikhan,Madhupur Tract,90-120,Medium-High,Moderately stable. Shrink-swell potential in dry seasons.
Shah Ali,Madhupur Tract,90-120,Medium-High,Moderately stable. Shrink-swell potential in dry seasons.
Shah Makhdum,Barind Tract,100-130,Medium-High,Generally stable but can be hard and compacted in dry season.
Shahbagh,Madhupur Tract,90-120,Medium-High,Moderately stable. Shrink-swell potential in dry seasons.
Shahjadpur,Old Brahmaputra Floodplain,80-110,Medium,Moderate flood risk. Mixed sand and silt soils.
Shahrasti,Young Meghna Estuarine Floodplain,55-85,Low-Medium,"Soft, compressible soils with high water table. Significant flood risk."
Shailkupa,Ganges River Floodplain,70-100,Medium,Risk of flooding. Soil can be soft and compressible.
Shajahanpur,Barind Tract,100-130,Medium-High,Generally stable but can be hard and compacted in dry season.
Shalikha,Ganges River Floodplain,70-100,Medium,Risk of flooding. Soil can be soft and compressible.
Shariatpur Sadar,Young Meghna Estuarine Floodplain,55-85,Low-Medium,"Soft, compressible soils with high water table. Significant flood risk."
Sharsha,Ganges River Floodplain,70-100,Medium,Risk of flooding. Soil can be soft and compressible.
Sher-e-bangla Nagar,Madhupur Tract,90-120,Medium-High,Moderately stable. Shrink-swell potential in dry seasons.
Sherpur,Barind Tract,100-130,Medium-High,Generally stable but can be hard and compacted in dry season.
Sherpur Sadar,Madhupur Tract,90-120,Medium-High,Moderately stable. Shrink-swell potential in dry seasons.
Shib Char,Ganges River Floodplain,70-100,Medium,Risk of flooding. Soil can be soft and compressible.
Shibalaya,Madhupur Tract,90-120,Medium-High,Moderately stable. Shrink-swell potential in dry seasons.
Shibganj,Barind Tract,100-130,Medium-High,Generally stable but can be hard and compacted in dry season.
Shibganj,Barind Tract,100-130,Medium-High,Generally stable but can be hard and compacted in dry season.
Shibpur,Old Meghna Estuarine Floodplain,75-105,Medium,Some flood risk. Soil is more consolidated than young floodplains.
Shyamnagar,Young Tidal Floodplain,50-80,Low-Medium,"Very soft, saline, and compressible. High water table. Special foundations needed."
Shyampur,Madhupur Tract,90-120,Medium-High,Moderately stable. Shrink-swell potential in dry seasons.
Singair,Madhupur Tract,90-120,Medium-High,Moderately stable. Shrink-swell potential in dry seasons.
Singra,Barind Tract,100-130,Medium-High,Generally stable but can be hard and compacted in dry season.
Sirajganj Sadar,Ganges River Floodplain,70-100,Medium,Risk of flooding. Soil can be soft and compressible.
Sitakunda,Hill Soils,80-110,Low-Medium,High erosion and landslide risk. Requires extensive geotechnical investigation.
Sonadanga,Young Tidal Floodplain,50-80,Low-Medium,"Very soft, saline, and compressible. High water table. Special foundations needed."
Sonagazi,Young Meghna Estuarine Floodplain,55-85,Low-Medium,"Soft, compressible soils with high water table. Significant flood risk."
Sonaimuri,Young Meghna Estuarine Floodplain,55-85,Low-Medium,"Soft, compressible soils with high water table. Significant flood risk."
Sonargaon,Old Meghna Estuarine Floodplain,75-105,Medium,Some flood risk. Soil is more consolidated than young floodplains.
Sonatola,Barind Tract,100-130,Medium-High,Generally stable but can be hard and compacted in dry season.
Sreebardi,Madhupur Tract,90-120,Medium-High,Moderately stable. Shrink-swell potential in dry seasons.
Sreemangal,Surma-Kushiyara Floodplain,60-90,Medium,"Very low-lying, high flood risk. Soft, organic-rich soils."
Sreenagar,Madhupur Tract,90-120,Medium-High,Moderately stable. Shrink-swell potential in dry seasons.
Sreepur,Madhupur Tract,90-120,Medium-High,Moderately stable. Shrink-swell potential in dry seasons.
Sreepur,Ganges River Floodplain,70-100,Medium,Risk of flooding. Soil can be soft and compressible.
Subarnachar,Young Meghna Estuarine Floodplain,55-85,Low-Medium,"Soft, compressible soils with high water table. Significant flood risk."
Sujanagar,Ganges River Floodplain,70-100,Medium,Risk of flooding. Soil can be soft and compressible.
Sulla,Surma-Kushiyara Floodplain,60-90,Medium,"Very low-lying, high flood risk. Soft, organic-rich soils."
Sunamganj Sadar,Surma-Kushiyara Floodplain,60-90,Medium,"Very low-lying, high flood risk. Soft, organic-rich soils."
Sundarganj,Old Brahmaputra Floodplain,80-110,Medium,Moderate flood risk. Mixed sand and silt soils.
Sutrapur,Madhupur Tract,90-120,Medium-High,Moderately stable. Shrink-swell potential in dry seasons.
Sylhet Sadar,Surma-Kushiyara Floodplain,60-90,Medium,"Very low-lying, high flood risk. Soft, organic-rich soils."
Tahirpur,Surma-Kushiyara Floodplain,60-90,Medium,"Very low-lying, high flood risk. Soft, organic-rich soils."
Tala,Young Tidal Floodplain,50-80,Low-Medium,"Very soft, saline, and compressible. High water table. Special foundations needed."
Tangail Sadar,Madhupur Tract,90-120,Medium-High,Moderately stable. Shrink-swell potential in dry seasons.
Tanore,Barind Tract,100-130,Medium-High,Generally stable but can be hard and compacted in dry season.
Taraganj,Old Himalayan Piedmont Plain,120-150,High,"Stable, well-drained land. Good for all types of foundations."
Tarail,Old Meghna Estuarine Floodplain,75-105,Medium,Some flood risk. Soil is more consolidated than young floodplains.
Tarash,Barind Tract,100-130,Medium-High,Generally stable but can be hard and compacted in dry season.
Tazumuddin,Young Meghna Estuarine Floodplain,55-85,Low-Medium,"Soft, compressible soils with high water table. Significant flood risk."
Tejgaon,Madhupur Tract,90-120,Medium-High,Moderately stable. Shrink-swell potential in dry seasons.
Tejgaon Ind. Area,Madhupur Tract,90-120,Medium-High,Moderately stable. Shrink-swell potential in dry seasons.
Teknaf,Young Tidal Floodplain,50-80,Low-Medium,"Very soft, saline, and compressible. High water table. Special foundations needed."
Tentulia,Old Himalayan Piedmont Plain,120-150,High,"Stable, well-drained land. Good for all types of foundations."
Terokhada,Young Tidal Floodplain,50-80,Low-Medium,"Very soft, saline, and compressible. High water table. Special foundations needed."
Thakurgaon Sadar,Old Himalayan Piedmont Plain,120-150,High,"Stable, well-drained land. Good for all types of foundations."
Thanchi,Hill Soils,80-110,Low-Medium,High erosion and landslide risk. Requires extensive geotechnical investigation.
Titas,Old Meghna Estuarine Floodplain,75-105,Medium,Some flood risk. Soil is more consolidated than young floodplains.
Tongibari,Madhupur Tract,90-120,Medium-High,Moderately stable. Shrink-swell potential in dry seasons.
Trishal,Madhupur Tract,90-120,Medium-High,Moderately stable. Shrink-swell potential in dry seasons.
Tungi Para,Young Meghna Estuarine Floodplain,55-85,Low-Medium,"Soft, compressible soils with high water table. Significant flood risk."
Turag,Madhupur Tract,90-120,Medium-High,Moderately stable. Shrink-swell potential in dry seasons.
Ukhia,Young Tidal Floodplain,50-80,Low-Medium,"Very soft, saline, and compressible. High water table. Special foundations needed."
Ulipur,Old Brahmaputra Floodplain,80-110,Medium,Moderate flood risk. Mixed sand and silt soils.
Ullah Para,Barind Tract,100-130,Medium-High,Generally stable but can be hard and compacted in dry season.
Uttar Khan,Madhupur Tract,90-120,Medium-High,Moderately stable. Shrink-swell potential in dry seasons.
Uttara,Madhupur Tract,90-120,Medium-High,Moderately stable. Shrink-swell potential in dry seasons.
Wazirpur,Young Tidal Floodplain,50-80,Low-Medium,"Very soft, saline, and compressible. High water table. Special foundations needed."
Zakiganj,Surma-Kushiyara Floodplain,60-90,Medium,"Very low-lying, high flood risk. Soft, organic-rich soils."
Zanjira,Madhupur Tract,90-120,Medium-High,Moderately stable. Shrink-swell potential in dry seasons.
Zianagar,Young Tidal Floodplain,50-80,Low-Medium,"Very soft, saline, and compressible. High water table. Special foundations needed."
